Reference.Number,Variable.Description
A1,Annual mean temperature
A2,Annual mean diurnal range
A3,Max temperature of warmest month (annual max)
A4,Min temperature of coldest month (annual min)
A5,Mean temperature of warmest month
A6,Mean temperature of coldest month
A7,Mean temperature of the warmest quarter (summer)
A8,Mean temperature of the coldest quarter (winter)
A9,Maximum temperature of warmest quarter (summer)
A10,Minimum temperature of coldest quarter (winter)
A11,Daily or monthly mean temperature
A12,Daily or monthly maximum temperature
A13,Daily or monthly minimum temperature
A14,Mean decadal temperature
A15,Mean annual temperature anomaly
A16,Temperature seasonality (standard deviation*100)
A17,Frequency of extreme winter cold
A18,Mean spring temperature (breeding season)
A19,Minimum spring temperature
A20,Mean autumn/early winter temperature
A21,Autumn frost events (occurrence of 0c temperature or below)
A22,Percentage sunshine
A23,Annual growth degree days
A24,Mean daily minimum temperature in winter
A25,Frost-free season length
A26,Annual maximum temperature anomaly
A27,Annual minimum temperature anomaly
A28,Number of days in April and May above 6C
A29,Mean number of days below 2C
A30,Max spring temperature
A31,Max autumn temperature
A32,Min autumn temperature
A33,Minimum summer temperature
A34,Maximum winter temperature
A35,Mean monthly temperature anomaly
A36,Continentality (differnce between temperature of warmest and coldest month)
A37,Mean maximum summer temperature
A38,Average number of days over 40C
A39,Mean number of months without frost
A40,Mena number of months with a minimum temperature above 10C
A41,Annual temperature range (coldest month to warmest month)
A42,Growth degree days within the first frost period
A43,Date of last spring freeze
A44,Date of first fall freeze
A45,Date when sum of growth degree days reaches 100
A47,Growing season temperature
A48,Sum of cumulative temperatures above 0C
A49,Number of frost free days
B1,Mean annual sea surface temperature
B2,Minimum annual sea surface temperature
B3,Maximum annual sea surface temperature
B4,Mean annual seawater temperature anomaly
B5,Mean winter sea surface temperature
B6,Mean winter bottom sea temperature
B7,Mean summer sea surface temperature
B8,Mean summer bottom temperature
B9,Mean bottom sea temperature
B10,Mean decadal sea surface temperature
B11,Mean monthly sea surface temperature
B12,Combined land and sea surface temperature anomolies
B13,Daily sea surface temperature
B14,Mean sea surface temperature of the warmest month
B15,Annual mean mid-depth sea temperature
B16,Mean spring sea surface temperature (breeding season)
B17,Monthly averaged 200m water column temperatures
B18,Mean daily max stream temp in summer
B19,Average sea surface temperature anomaly in spring
B20,Average sea surface temperature anomaly in fall
B21,Mean water temperature
B22,Mean annual sea bottom temperature
B23,Minimum annual sea bottom temperature
B24,Maximum annual sea bottom temperature
B25,Maximum monthly mean sea surface temperature
B26,Minimum monthly mean sea surface temperature
B27,Monthly sea surface temperature anomaly
B28,Winter minimum sea surface temperature
C1,Total annual precipitation
C2,Mean annual precipitation
C3,Monthly mean precipitation
C4,Annual sum precipitation anomaly
C5,Mean annual precipitation anomaly
C6,Precipitation seasonality
C7,Precipitation of wettest quarter
C8,Precipitation of driest quarter
C9,Precipitation of warmest quarter (summer)
C10,Precipitation of coldest quarter (winter)
C11,Interannual precipitation variability
C12,Moisture availability (ratio of actual and potential evapotranspiration)
C13,Climatic water deficit (difference between potential evapotranspiration and precipitation)
C14,Maximum duration without rain
C15,Total summer rainfall
C16,Total spring rainfall
C17,Mean spring precipitation
C18,Winter snow days
C19,Ratio of snowfall to total precipitation
C20,Mean annual depth of snowpack
C21,Duration of persistent snow cover
C22,Mean annual snowfall
C23,Monthly total precipitation
C24,Palmer drought severity index (psdi)
C25,Mean monthly precipitation anomaly
C26,Standard precipitation index (spi)
C27,Total precipiation of the wettest month
C28,Total precipitation of the driest month
C29,Growing season precipitation
C30,Nongrowing season precipitation
