<?xml version='1.0' encoding='UTF-8'?>
<metadata>
  <idinfo>
    <citation>
      <citeinfo>
        <origin>Madeleine A. Rubenstein; U.S. Geolgoical Survey (USGS) National Climate Adaptation Science Center (NCASC)</origin>
        <origin>Sarah R. Weiskopf; USGS NCASC</origin>
        <origin>Romain Bertrand; Universitéde Toulouse 3, Toulouse, France</origin>
        <origin>Shawn L. Carter; USGS NCASC</origin>
        <origin>Lise Comte; College of Arts and Sciences, Illinois State University</origin>
        <origin>Mitchell J. Eaton; USGS Southeast (SE) CASC</origin>
        <origin>Ciara G. Johnson; George Mason University</origin>
        <origin>Jonathan Lenoir; UMR CNRS 7058 "Ecologie et Dynamique des Systèmes Anthropisés" (EDYSAN), Université de Picardie Jules Verne, Amiens, France</origin>
        <origin>Abigail J. Lynch; USGS NCASC</origin>
        <origin>Daria Yurevna Maslyukova; George Mason University</origin>
        <origin>Brian W. Miller; USGS North Central CASC</origin>
        <origin>Toni Lyn Morelli; USGS Northeast CASC</origin>
        <origin>Evan J. Parker; Yale Department of Environmental Studies</origin>
        <origin>Christopher Poole; George Mason University</origin>
        <origin>Mari Angel Rodriguez; USGS NCASC</origin>
        <origin>Theresa Rudick; University of California San Diego</origin>
        <origin>Adam Terando; USGS SECASC</origin>
        <origin>Laura M. Thompson; USGS NCASC</origin>
        <origin>Keanah Turner; George Mason University</origin>
        <pubdate>20240329</pubdate>
        <title>CoRE (Contractions or Range Expansions) Database: Global Database of Species Range Shifts from 1802-2019</title>
        <geoform>spreadsheet</geoform>
        <othercit>Rubenstein &amp; Weiskopf et. al., CoRE (Contractions or Range Expansions) Database: Global Database of Species Range Shifts from 1802-2019, U.S. Geological Survey data release (2024). https://doi.org/10.5066/P99VP2TW</othercit>
        <onlink>https://doi.org/10.5066/P99VP2TW</onlink>
        <lworkcit>
          <citeinfo>
            <origin>Madeleine A. Rubenstein</origin>
            <origin>Sarah R. Weiskopf</origin>
            <origin>Romain Bertrand</origin>
            <origin>Shawn L. Carter</origin>
            <origin>Lise Comte</origin>
            <origin>Mitchell J. Eaton</origin>
            <origin>Ciara G. Johnson</origin>
            <origin>Jonathan Lenoir</origin>
            <origin>Abigail J. Lynch</origin>
            <origin>Brian W. Miller</origin>
            <origin>Toni Lyn Morelli</origin>
            <origin>Mari Angel Rodriguez</origin>
            <origin>Adam Terando</origin>
            <origin>Laura M. Thompson</origin>
            <pubdate>20230411</pubdate>
            <title>Climate change and the global redistribution of biodiversity: substantial variation in empirical support for expected range shifts</title>
            <geoform>publication</geoform>
            <serinfo>
              <sername>Environmental Evidence</sername>
              <issue>vol. 12, issue 1</issue>
            </serinfo>
            <pubinfo>
              <pubplace>n/a</pubplace>
              <publish>Springer Science and Business Media LLC</publish>
            </pubinfo>
            <othercit>Rubenstein, M.A., Weiskopf, S.R., Bertrand, R. et al. Climate change and the global redistribution of biodiversity: substantial variation in empirical support for expected range shifts. Environ Evid 12, 7 (2023). https://doi.org/10.1186/s13750-023-00296-0</othercit>
            <onlink>https://doi.org/10.1186/s13750-023-00296-0</onlink>
          </citeinfo>
        </lworkcit>
      </citeinfo>
    </citation>
    <descript>
      <abstract>The CoRE (Contractions or Range Expansions) database contains a library of published literature and data on species range shifts in response to climate change. Through a systematic review of publications returned from searches on Google Scholar, Web of Science, and Scopus, we selected primary research articles that documented or attempted to document species-level distribution shifts in animal or plant species in response to recent anthropogenic climate change. We extracted data in four broad categories: (i) basic study information (study duration, location, data quality and methodological factors); (ii) basic species information (scientific names and taxonomic groups); (iii) information on the observed range shifts (range dimension, occupancy or abundance shift, and range edge); and (iv) the description of the shift (range shift direction, magnitude of the shift, and whether it supported our hypotheses). We also took note of climate drivers mentioned and details on species vulnerability and adaptive capacity.</abstract>
      <purpose>The purpose of the CoRE database is to provide an updated repository of range-shift studies for plants and animals to assess evidence for common range shift hypotheses and serve as a starting point for future research to explore sources of variation in documented range shifts. Explaining the variation in species’ range shifts is key to developing tools that can help inform population and habitat management decisions.</purpose>
      <supplinf>This is an updated dataset based on the previous systematic review publication described in the Journal of Environmental Evidence (2020). In that paper, the authors described a systematic methodology for identifying papers documenting range shifts in response to climate change. While that database provided extensive descriptions of the body of evidence and availability of information surrounding documented species range shifts, this updated database provides information on the magnitude and rate of species range shift. This additional information provides greater detail about how species are altering their geographic distribution in response to climate change.

Any use of trade, firm, or product names is for descriptive purposes only and does not imply endorsement by the U.S. Government.</supplinf>
    </descript>
    <timeperd>
      <timeinfo>
        <rngdates>
          <begdate>1802</begdate>
          <enddate>2019</enddate>
        </rngdates>
      </timeinfo>
      <current>See Supplemental Info</current>
    </timeperd>
    <status>
      <progress>Complete</progress>
      <update>None planned</update>
    </status>
    <spdom>
      <descgeog>Global</descgeog>
      <bounding>
        <westbc>-180.0000</westbc>
        <eastbc>180.0000</eastbc>
        <northbc>90.0000</northbc>
        <southbc>-90.0000</southbc>
      </bounding>
    </spdom>
    <keywords>
      <theme>
        <themekt>ISO 19115 Topic Category</themekt>
        <themekey>boundaries</themekey>
      </theme>
      <theme>
        <themekt>USGS Thesaurus</themekt>
        <themekey>biodiversity</themekey>
        <themekey>climate change</themekey>
        <themekey>effects of climate change</themekey>
      </theme>
      <theme>
        <themekt>None</themekt>
        <themekey>precipitation</themekey>
        <themekey>temperature</themekey>
        <themekey>vulnerability</themekey>
        <themekey>global warming</themekey>
        <themekey>warming</themekey>
        <themekey>depth</themekey>
        <themekey>elevation</themekey>
        <themekey>latitude</themekey>
        <themekey>species redistribution</themekey>
        <themekey>species</themekey>
        <themekey>range</themekey>
        <themekey>occupancy</themekey>
        <themekey>habitat extent</themekey>
        <themekey>distribution</themekey>
        <themekey>distribution shift</themekey>
        <themekey>global change</themekey>
      </theme>
      <theme>
        <themekt>USGS Metadata Identifier</themekt>
        <themekey>USGS:64147d6fd34eb496d1ceb497</themekey>
      </theme>
      <place>
        <placekt>None</placekt>
        <placekey>Global</placekey>
        <placekey>Atlantic Ocean</placekey>
        <placekey>Pacific Ocean</placekey>
        <placekey>Arctic Ocean</placekey>
      </place>
      <place>
        <placekt>Common geographic areas</placekt>
        <placekey>North America</placekey>
        <placekey>Europe</placekey>
        <placekey>Asia</placekey>
        <placekey>Africa</placekey>
        <placekey>South America</placekey>
        <placekey>Australia</placekey>
      </place>
    </keywords>
    <taxonomy>
      <keywtax>
        <taxonkt>None</taxonkt>
        <taxonkey>Animalia</taxonkey>
        <taxonkey>Plantae</taxonkey>
      </keywtax>
      <taxoncl>
        <taxonrn>Domain</taxonrn>
        <taxonrv>Eukaryota</taxonrv>
        <taxoncl>
          <taxonrn>Kingdom</taxonrn>
          <taxonrv>Animalia</taxonrv>
          <common>TSN: 202423</common>
        </taxoncl>
        <taxoncl>
          <taxonrn>Kingdom</taxonrn>
          <taxonrv>Plantae</taxonrv>
          <common>TSN: 202422</common>
        </taxoncl>
      </taxoncl>
    </taxonomy>
    <accconst>None.  Please see 'Distribution Info' for details.</accconst>
    <useconst>None.  Users are advised to read the dataset's metadata thoroughly to understand appropriate use and data limitations.</useconst>
    <ptcontac>
      <cntinfo>
        <cntperp>
          <cntper>Sarah R Weiskopf</cntper>
          <cntorg>U.S. Geological Survey, ECOSYSTEMS</cntorg>
        </cntperp>
        <cntpos>National Climate Adaptation Science Center National Biodiversity Lead</cntpos>
        <cntaddr>
          <addrtype>mailing address</addrtype>
          <address>12201 Sunrise Valley Dr</address>
          <city>Reston</city>
          <state>VA</state>
          <postal>20192</postal>
          <country>US</country>
        </cntaddr>
        <cntvoice>703-648-4073</cntvoice>
        <cntemail>sweiskopf@usgs.gov</cntemail>
      </cntinfo>
    </ptcontac>
    <crossref>
      <citeinfo>
        <origin>Madeleine A. Rubenstein</origin>
        <origin>Sarah R. Weiskopf</origin>
        <origin>Shawn L. Carter</origin>
        <origin>Mitchell J. Eaton</origin>
        <origin>Ciara Johnson</origin>
        <origin>Abigail J. Lynch</origin>
        <origin>Brian W. Miller</origin>
        <origin>Toni Lyn Morelli</origin>
        <origin>Mari Angel Rodriguez</origin>
        <origin>Adam Terando</origin>
        <origin>Laura M. Thompson</origin>
        <pubdate>20200514</pubdate>
        <title>Do empirical observations support commonly-held climate change range shift hypotheses? A systematic review protocol</title>
        <geoform>publication</geoform>
        <serinfo>
          <sername>Environmental Evidence</sername>
          <issue>vol. 9, issue 1</issue>
        </serinfo>
        <pubinfo>
          <pubplace>n/a</pubplace>
          <publish>Springer Science and Business Media LLC</publish>
        </pubinfo>
        <onlink>https://doi.org/10.1186/s13750-020-00194-9</onlink>
      </citeinfo>
    </crossref>
  </idinfo>
  <dataqual>
    <attracc>
      <attraccr>After the completion of full-text review and data extraction, included articles underwent a secondary review. During secondary review, someone other than the review team member who read the article and extracted the data, would review the entry to ensure there were no errors. Again, any discrepancies about entries were discussed with the entire review team until a final decision to include or exclude was reached.</attraccr>
    </attracc>
    <logic>Data were assessed to ensure that attribute values fall within expected bounds</logic>
    <complete>Per our eligibility criteria, we included primary research articles in English that documented or attempted to document species-level distribution shifts in animal or plant species in response to recent anthropogenic climate change. We excluded papers that offered modeled projections of future distribution shifts, as we wanted data based on empirical data. We also did not consider articles that were related to paleoclimatic conditions, or temporary or seasonal climate variations such as El Nino.We did not exclude studies based on location.</complete>
    <lineage>
      <srcinfo>
        <srccite>
          <citeinfo>
            <origin>Madeleine A. Rubenstein; U.S. Geological Survey (USGS) National Climate Adaptation Science Center (NCASC)</origin>
            <origin>Sarah R. Weiskopf; USGS NCASC</origin>
            <origin>Romain Bertrand; Universitéde Toulouse 3, Toulouse, France</origin>
            <origin>Shawn L. Carter; USGS NCASC</origin>
            <origin>Lise Comte; College of Arts and Sciences, Illinois State University</origin>
            <origin>Mitchell J. Eaton; USGS Southeast (SE) CASC</origin>
            <origin>Ciara G. Johnson; George Mason University</origin>
            <origin>Jonathan Lenoir; Université de Picardie Jules Verne, Amiens, France</origin>
            <origin>Abigail J. Lynch; USGS NCASC</origin>
            <origin>Daria Yurevna Maslyukova; George Mason University</origin>
            <origin>Brian W. Miller; USGS North Central CASC</origin>
            <origin>Toni Lyn Morelli; USGS Northeast CASC</origin>
            <origin>Evan J. Parker; Yale Department of Environmental Studies</origin>
            <origin>Christopher Poole; George Mason University</origin>
            <origin>Mari Angel Rodriguez; USGS NCASC</origin>
            <origin>Theresa Rudick; University of California San Diego</origin>
            <origin>Adam Terando; USGS SECASC</origin>
            <origin>Laura M. Thompson; USGS NCASC</origin>
            <origin>Keanah Turner; George Mason University</origin>
            <pubdate>202306</pubdate>
            <title>315 Peer-Reviewed Published Manuscripts on Global Species Range Shifts from 1802 to 2019</title>
            <geoform>spreadsheet</geoform>
          </citeinfo>
        </srccite>
        <typesrc>Digital and/or Hardcopy</typesrc>
        <srctime>
          <timeinfo>
            <rngdates>
              <begdate>1802</begdate>
              <enddate>2019</enddate>
            </rngdates>
          </timeinfo>
          <srccurr>observed</srccurr>
        </srctime>
        <srccitea>CoRE Database</srccitea>
        <srccontr>The list of references from which data were extracted will be included in the first tab of the data file as part of this data release.</srccontr>
      </srcinfo>
      <srcinfo>
        <srccite>
          <citeinfo>
            <origin>Lise Comte; College of Arts and Sciences, Illinois State University</origin>
            <origin>Gael Grenouillet; Université de Toulouse 3, Toulouse, France</origin>
            <origin>Romain Bertrand; Université de Toulouse 3, Toulouse, France</origin>
            <origin>Jerome Murienne; Université de Toulouse 3, Toulouse, France</origin>
            <origin>Luana Bourgeaud; Université de Toulouse 3, Toulouse, France</origin>
            <origin>Tarek Hattab;Institut Français de Recherche pour l'Exploitation de la Mer Issy-les-Moulineaux, Brittany, France</origin>
            <origin>Jonathan Lenoir; Université de Picardie Jules Verne, Amiens, France</origin>
            <pubdate>20200512</pubdate>
            <title>BioShifts: a global geodatabase of climate-induced species redistribution over land and sea</title>
            <geoform>tabular digital data</geoform>
            <onlink>https://figshare.com/articles/dataset/BioShifts_a_global_geodatabase_of_climate-induced_species_redistribution_over_land_and_sea/7413365</onlink>
          </citeinfo>
        </srccite>
        <typesrc>Digital and/or Hardcopy</typesrc>
        <srctime>
          <timeinfo>
            <rngdates>
              <begdate>1802</begdate>
              <enddate>2019</enddate>
            </rngdates>
          </timeinfo>
          <srccurr>observed</srccurr>
        </srctime>
        <srccitea>Bioshifts</srccitea>
        <srccontr>Some data in CoRE overlap with range shift data in BioShifts (Comte et al. 2020, https://figshare.com/articles/dataset/BioShifts_a_global_geodatabase_of_climate-induced_species_redistribution_over_land_and_sea/7413365), but both databases were initiated independently and each contains unique information. The CoRE database includes range shift estimates from studies reporting range shift magnitudes (e.g., in km or km/decade) as well as studies that only reported range shift directions or changes in abundance along range edges. The BioShifts database only includes studies reporting quantitative estimates of range shifts but no record of qualitative range shifts only or abundance changes are stored in BioShifts. The BioShifts database includes range shift observations from all taxonomic groups, while the CoRE database only includes range shifts of animal and plant groups. Additional information on methodological attributes, such as the metadata on the study design, also differ slightly between the two databases. The set of articles included in the two databases also differ because of differences in the search process and data availability and the CoRE database includes newer and more recent records from articles published after BioShifts was completed.</srccontr>
      </srcinfo>
      <procstep>
        <procdesc>We looked for potential articles in Google Scholar, Web of Science, and Scopus using the search terms: TS=((“climate” OR “global warming” OR "temperature" OR "precipitation") AND (“range” OR “distribution” OR “habitat extent” OR “occupancy”) AND (“species”)). These search terms were established after preliminary searches with different combinations to see which returned the most relevant results in 500 reviewed abstracts.</procdesc>
        <procdate>2019</procdate>
      </procstep>
      <procstep>
        <procdesc>We retrieved nearly 95,000 returns for our search across all three databases and search engines. Retrieved articles were uploaded and sorted by relevance in Colandr. We reviewed titles and abstracts for articles that could be included. We stopped once we reviewed 300 articles in a row with no new inclusions. We obtained a subset of new papers from the Bioshifts database that was developed by our collaborators. Additionally, we set up alerts for new papers from Google Scholar, Web of Science, and Scopus to review ad-hoc, and we reviewed articles that we came across opportunistically. Per our eligibility criteria, we included primary research articles in English that documented or attempted to document species-level distribution shifts in animal or plant species in response to recent anthropogenic climate change. We excluded papers that offered modeled projections of future distribution shifts, as we wanted data based on empirical data. We also did not consider articles that were related to paleoclimatic conditions, or temporary or seasonal climate variations such as El Nino.</procdesc>
        <procdate>2020</procdate>
      </procstep>
      <procstep>
        <procdesc>Articles that passed the initial title/abstract review as well as articles flagged as review articles had their references searched for any relevant papers.</procdesc>
        <procdate>2020</procdate>
      </procstep>
      <procstep>
        <procdesc>Once title and abstract review concluded, we read the included articles in full to determine if they were truly eligible for our study. When there were concerns or discrepancies about inclusion of an article, it was discussed with the review team until a final decision could be made.  Articles that passed full-text review would have the appropriate data extracted.</procdesc>
        <procdate>2021</procdate>
      </procstep>
      <procstep>
        <procdesc>After the completion of full-text review and data extraction, included articles underwent a secondary review. During secondary review, someone other than the review team member that read the article and extracted the data, would review the entry to ensure there were no errors. Again, any discrepancies about entries were discussed with the entire review team until a final decision to include or exclude was reached. Additional information about our methods can be found in the published protocol (Rubenstein et al. 2020).</procdesc>
        <procdate>2021</procdate>
      </procstep>
      <procstep>
        <procdesc>For each study in the database, geographic data on study extent were created. Where available, we directly downloaded spatial data from the original articles (n = 5 studies). If this was not possible, study area shapefiles were drawn in Google Earth Pro (v7.3.4.8248) using article figures (n = 251 studies) or text descriptions (n = 74 studies). This was done at the population, species, or study level, depending on availability. The spatial layer was exported from Google Earth Pro as a KMZ file. This layer was also made available as a shapefile (.shp)</procdesc>
        <procdate>2021</procdate>
      </procstep>
    </lineage>
  </dataqual>
  <eainfo>
    <detailed>
      <enttyp>
        <enttypl>RangeShifts.csv</enttypl>
        <enttypd>Comma Separated Value (CSV) file containing data.</enttypd>
        <enttypds>Producer Defined</enttypds>
      </enttyp>
      <attr>
        <attrlabl>Polygon.Name</attrlabl>
        <attrdef>Name of Polygon</attrdef>
        <attrdefs>Producer Defined</attrdefs>
        <attrdomv>
          <udom>Each study area has a unique polygon title. Polygon title was generated by concatenating the PaperID_availability_geographical location.</udom>
        </attrdomv>
      </attr>
      <attr>
        <attrlabl>paperid</attrlabl>
        <attrdef>Numerical ID assigned to each research article entered in the matrix that has passed Title/Abstract Review</attrdef>
        <attrdefs>Producer Defined</attrdefs>
        <attrdomv>
          <rdom>
            <rdommin>1</rdommin>
            <rdommax>842</rdommax>
          </rdom>
        </attrdomv>
      </attr>
      <attr>
        <attrlabl>speriod</attrlabl>
        <attrdef>Study Period</attrdef>
        <attrdefs>Producer Defined</attrdefs>
        <attrdomv>
          <udom>Indicates specific study period(s) for each study (e.g. P1, P2 …). Although many studies have only one period (data were collected from time period 1 and then time period 2, a study may have multiple study periods if time intervals were not the same for each species included in the study. In this case, enter each distinct time period as a separate line.</udom>
        </attrdomv>
      </attr>
      <attr>
        <attrlabl>tyear</attrlabl>
        <attrdef>Total years studied</attrdef>
        <attrdefs>Producer Defined</attrdefs>
        <attrdomv>
          <edom>
            <edomv>NA</edomv>
            <edomvd>No Data, includes papers that have a date range &gt;10 years.</edomvd>
            <edomvds>Producer defined</edomvds>
          </edom>
        </attrdomv>
        <attrdomv>
          <udom>(End Year-Start Year)+1.  

If there is a date range in the start and/or end period, use the mid-point of each period to calculate total years studied. 

If the author(s) provide median years for the start and end period, then use that instead of calculating as above. 

Note: If start date is unclear (e.g. “pre-1970s”) and you cannot calculate total years studied, you should not calculate km/dec shift. Shifts in these cases can be entered qualitatively.</udom>
        </attrdomv>
      </attr>
      <attr>
        <attrlabl>ntaxa</attrlabl>
        <attrdef>Number of taxa: Indicate the number of species or distinct population groups assessed in the study.</attrdef>
        <attrdefs>Producer Defined</attrdefs>
        <attrdomv>
          <rdom>
            <rdommin>1</rdommin>
            <rdommax>4426</rdommax>
          </rdom>
        </attrdomv>
      </attr>
      <attr>
        <attrlabl>sample</attrlabl>
        <attrdef>Regularity of Sampling: If authors compared ranges at multiple time intervals, indicate how regularly they sampled.</attrdef>
        <attrdefs>Producer Defined</attrdefs>
        <attrdomv>
          <edom>
            <edomv>NA</edomv>
            <edomvd>If range was only sampled twice</edomvd>
            <edomvds>Producer defined</edomvds>
          </edom>
        </attrdomv>
        <attrdomv>
          <edom>
            <edomv>irregular</edomv>
            <edomvd>authors sampled ranges periodically throughout study period at irregular time intervals</edomvd>
            <edomvds>Producer defined</edomvds>
          </edom>
        </attrdomv>
        <attrdomv>
          <edom>
            <edomv>regular</edomv>
            <edomvd>authors sampled ranges continuously throughout study period at specified time intervals, such as every year or more</edomvd>
            <edomvds>Producer defined</edomvds>
          </edom>
        </attrdomv>
      </attr>
      <attr>
        <attrlabl>nsample</attrlabl>
        <attrdef>Number of sampling periods</attrdef>
        <attrdefs>Producer Defined</attrdefs>
        <attrdomv>
          <edom>
            <edomv>NA</edomv>
            <edomvd>No Data</edomvd>
            <edomvds>Producer defined</edomvds>
          </edom>
        </attrdomv>
        <attrdomv>
          <udom>Indicate the number of sampling events during the study. If number is unclear we recorded NA</udom>
        </attrdomv>
      </attr>
      <attr>
        <attrlabl>grain</attrlabl>
        <attrdef>If quantitative data on range shifts were provided (i.e., shifts reported in a unit of shift over a period of time), indicate the spatial resolution of the data used to generate range shift estimates</attrdef>
        <attrdefs>Producer Defined</attrdefs>
        <attrdomv>
          <edom>
            <edomv>NA</edomv>
            <edomvd>No quantitative data</edomvd>
            <edomvds>Producer defined</edomvds>
          </edom>
        </attrdomv>
        <attrdomv>
          <edom>
            <edomv>fine</edomv>
            <edomvd>Data based on GPS coordinates with spatial resolution of less than or equal to 10 km</edomvd>
            <edomvds>
            </edomvds>
          </edom>
        </attrdomv>
        <attrdomv>
          <edom>
            <edomv>medium</edomv>
            <edomvd>Data resolution used to calculate range shifts is between fine and coarse.</edomvd>
            <edomvds>
            </edomvds>
          </edom>
        </attrdomv>
        <attrdomv>
          <edom>
            <edomv>coarse</edomv>
            <edomvd>Data based on range maps or atlas grids with spatial resolution greater than 100 km</edomvd>
            <edomvds>Producer defined</edomvds>
          </edom>
        </attrdomv>
      </attr>
      <attr>
        <attrlabl>resurvey</attrlabl>
        <attrdef>Similarity of sample sites in the historical and resurveyed periods</attrdef>
        <attrdefs>Producer Defined</attrdefs>
        <attrdomv>
          <edom>
            <edomv>resurveyed</edomv>
            <edomvd>Resurvey conducted in same general area, but not in same plots or transects</edomvd>
            <edomvds>Producer defined</edomvds>
          </edom>
        </attrdomv>
        <attrdomv>
          <edom>
            <edomv>opportunistic</edomv>
            <edomvd>Range shifts calculated from paired designs such as permanent plots or data cleaning or resampling procedure carried out to calculate range shifts on a balanced dataset (e.g. resurvey conducted in the same general area but not the same plots and authors made sure number of sampling units in both time periods was identical)</edomvd>
            <edomvds>Producer defined</edomvds>
          </edom>
        </attrdomv>
      </attr>
      <attr>
        <attrlabl>raw</attrlabl>
        <attrdef>Raw or modeled: Indicate the level of extrapolation</attrdef>
        <attrdefs>Producer Defined</attrdefs>
        <attrdomv>
          <edom>
            <edomv>NA</edomv>
            <edomvd>No Data</edomvd>
            <edomvds>Producer defined</edomvds>
          </edom>
        </attrdomv>
        <attrdomv>
          <edom>
            <edomv>raw</edomv>
            <edomvd>little to no data cleaning, range shifts obtained from pure observations or descriptive statistics</edomvd>
            <edomvds>Producer defined</edomvds>
          </edom>
        </attrdomv>
        <attrdomv>
          <edom>
            <edomv>modeled</edomv>
            <edomvd>Range shifts obtained from model outputs (i.e. models used to project range beyond survey points, such as species distribution model, occupancy model, etc.)</edomvd>
            <edomvds>Producer defined</edomvds>
          </edom>
        </attrdomv>
      </attr>
      <attr>
        <attrlabl>temp</attrlabl>
        <attrdef>Specific temperature variable measured in the study (eg., mean annual temperature, minimum in third quarter, etc.).</attrdef>
        <attrdefs>Producer Defined</attrdefs>
        <attrdomv>
          <edom>
            <edomv>NA</edomv>
            <edomvd>If temperature is not assessed, put “n/a”</edomvd>
            <edomvds>Producer defined</edomvds>
          </edom>
        </attrdomv>
        <attrdomv>
          <udom>See third tab for corresponding list of coded climate variables (A-B)</udom>
        </attrdomv>
      </attr>
      <attr>
        <attrlabl>tobsv</attrlabl>
        <attrdef>Direction of observed temperature change: Indicate how the temperature variable(s) changed</attrdef>
        <attrdefs>Producer Defined</attrdefs>
        <attrdomv>
          <edom>
            <edomv>NA</edomv>
            <edomvd>No Data</edomvd>
            <edomvds>Producer defined</edomvds>
          </edom>
        </attrdomv>
        <attrdomv>
          <edom>
            <edomv>mixed</edomv>
            <edomvd>Select mixed if authors report changes in two or more temperature variables and the changes are not consistent.</edomvd>
            <edomvds>Producer defined</edomvds>
          </edom>
        </attrdomv>
        <attrdomv>
          <edom>
            <edomv>increase</edomv>
            <edomvd>increase in temperature variable</edomvd>
            <edomvds>Producer defined</edomvds>
          </edom>
        </attrdomv>
        <attrdomv>
          <edom>
            <edomv>decrease</edomv>
            <edomvd>decrease in temperature variable</edomvd>
            <edomvds>Producer defined</edomvds>
          </edom>
        </attrdomv>
        <attrdomv>
          <edom>
            <edomv>no change</edomv>
            <edomvd>no change in temperature variables</edomvd>
            <edomvds>Producer defined</edomvds>
          </edom>
        </attrdomv>
        <attrdomv>
          <edom>
            <edomv>unclear</edomv>
            <edomvd>Changes in temperature variables unclear</edomvd>
            <edomvds>Producer defined</edomvds>
          </edom>
        </attrdomv>
      </attr>
      <attr>
        <attrlabl>precip</attrlabl>
        <attrdef>Precipitation variable measured: Specific precipitation variable measured in the study.</attrdef>
        <attrdefs>Producer Defined</attrdefs>
        <attrdomv>
          <edom>
            <edomv>NA</edomv>
            <edomvd>Precipitation is not assessed</edomvd>
            <edomvds>Producer defined</edomvds>
          </edom>
        </attrdomv>
        <attrdomv>
          <udom>See third tab for list of precipitation variables (C)</udom>
        </attrdomv>
      </attr>
      <attr>
        <attrlabl>pobsv</attrlabl>
        <attrdef>Direction of Observed Precipitation Changed: Indicate direction of change in precipitation variable</attrdef>
        <attrdefs>Producer Defined</attrdefs>
        <attrdomv>
          <edom>
            <edomv>NA</edomv>
            <edomvd>No Data</edomvd>
            <edomvds>Producer defined</edomvds>
          </edom>
        </attrdomv>
        <attrdomv>
          <edom>
            <edomv>mixed</edomv>
            <edomvd>Select mixed if authors report changes in two or more precipitation variables and the changes are not consistent.</edomvd>
            <edomvds>Producer defined</edomvds>
          </edom>
        </attrdomv>
        <attrdomv>
          <edom>
            <edomv>no change</edomv>
            <edomvd>No change in precipitation variable</edomvd>
            <edomvds>Producer defined</edomvds>
          </edom>
        </attrdomv>
        <attrdomv>
          <edom>
            <edomv>decrease</edomv>
            <edomvd>decrease in precipitation variable</edomvd>
            <edomvds>Producer defined</edomvds>
          </edom>
        </attrdomv>
        <attrdomv>
          <edom>
            <edomv>increase</edomv>
            <edomvd>Increase in precipitation variable</edomvd>
            <edomvds>Producer defined</edomvds>
          </edom>
        </attrdomv>
        <attrdomv>
          <edom>
            <edomv>unclear</edomv>
            <edomvd>Change in precipitation unclear</edomvd>
            <edomvds>Producer defined</edomvds>
          </edom>
        </attrdomv>
      </attr>
      <attr>
        <attrlabl>nonclim</attrlabl>
        <attrdef>Author Assessment of Non-climate Drivers</attrdef>
        <attrdefs>Producer Defined</attrdefs>
        <attrdomv>
          <edom>
            <edomv>NA</edomv>
            <edomvd>Author does not address this topic</edomvd>
            <edomvds>Producer defined</edomvds>
          </edom>
        </attrdomv>
        <attrdomv>
          <udom>If assessed, indicate how the authors describe the role of non climate drivers in explaining observed range shift.</udom>
        </attrdomv>
      </attr>
      <attr>
        <attrlabl>evac</attrlabl>
        <attrdef>Author assessment of Sensitivity or Adaptive Capacity</attrdef>
        <attrdefs>Producer Defined</attrdefs>
        <attrdomv>
          <edom>
            <edomv>NA</edomv>
            <edomvd>Author does not address this topic</edomvd>
            <edomvds>Producer defined</edomvds>
          </edom>
        </attrdomv>
        <attrdomv>
          <udom>If assessed, describe how the authors account for species sensitivity and/or adaptive capacity in explaining observed responses.</udom>
        </attrdomv>
      </attr>
      <attr>
        <attrlabl>studyarea</attrlabl>
        <attrdef>Indicate study area as described by author.</attrdef>
        <attrdefs>Producer Defined</attrdefs>
        <attrdomv>
          <udom>This should be the most specific description available (as low resolution as possible); we will use this to then create a shape file of the study area. If the study includes multiple locations, list them in one cell, and do not separate them into different rows. Indicate under subsp column which location each observation is from.</udom>
        </attrdomv>
      </attr>
      <attr>
        <attrlabl>hem</attrlabl>
        <attrdef>Hemisphere: Indicate which hemisphere the study occurs in</attrdef>
        <attrdefs>Producer Defined</attrdefs>
        <attrdomv>
          <edom>
            <edomv>northern</edomv>
            <edomvd>Northern- northern hemisphere</edomvd>
            <edomvds>Producer defined</edomvds>
          </edom>
        </attrdomv>
        <attrdomv>
          <edom>
            <edomv>southern</edomv>
            <edomvd>Southern- southern hemisphere</edomvd>
            <edomvds>Producer defined</edomvds>
          </edom>
        </attrdomv>
        <attrdomv>
          <edom>
            <edomv>both</edomv>
            <edomvd>Both- both</edomvd>
            <edomvds>Producer defined</edomvds>
          </edom>
        </attrdomv>
      </attr>
      <attr>
        <attrlabl>ecotype</attrlabl>
        <attrdef>Ecosystem: Indicate the general ecosystem</attrdef>
        <attrdefs>Producer Defined</attrdefs>
        <attrdomv>
          <edom>
            <edomv>terrestrial</edomv>
            <edomvd>Terrestrial- terrestrial environment</edomvd>
            <edomvds>Producer defined</edomvds>
          </edom>
        </attrdomv>
        <attrdomv>
          <edom>
            <edomv>marine</edomv>
            <edomvd>Marine- marine environment</edomvd>
            <edomvds>Producer defined</edomvds>
          </edom>
        </attrdomv>
        <attrdomv>
          <edom>
            <edomv>aquatic</edomv>
            <edomvd>Aquatic- aquatic environment</edomvd>
            <edomvds>Producer defined</edomvds>
          </edom>
        </attrdomv>
      </attr>
      <attr>
        <attrlabl>habtype</attrlabl>
        <attrdef>Habitat Type</attrdef>
        <attrdefs>Producer Defined</attrdefs>
        <attrdomv>
          <udom>Indicate the type of habitats studied</udom>
        </attrdomv>
      </attr>
      <attr>
        <attrlabl>sciname</attrlabl>
        <attrdef>Binomial nomenclature of the focal species, consisting of genus name and specific epithet.</attrdef>
        <attrdefs>Producer Defined</attrdefs>
        <attrdomv>
          <udom>Scientific name of focal species</udom>
        </attrdomv>
      </attr>
      <attr>
        <attrlabl>cname</attrlabl>
        <attrdef>Common name of the focal species</attrdef>
        <attrdefs>Producer Defined</attrdefs>
        <attrdomv>
          <udom>Common name of focal species</udom>
        </attrdomv>
      </attr>
      <attr>
        <attrlabl>tax</attrlabl>
        <attrdef>Taxonomic group the focal species belongs to.</attrdef>
        <attrdefs>Producer Defined</attrdefs>
        <attrdomv>
          <edom>
            <edomv>bird</edomv>
            <edomvd>bird</edomvd>
            <edomvds>Producer defined</edomvds>
          </edom>
        </attrdomv>
        <attrdomv>
          <edom>
            <edomv>plant</edomv>
            <edomvd>plant</edomvd>
            <edomvds>Producer defined</edomvds>
          </edom>
        </attrdomv>
        <attrdomv>
          <edom>
            <edomv>fish</edomv>
            <edomvd>fish</edomvd>
            <edomvds>Producer defined</edomvds>
          </edom>
        </attrdomv>
        <attrdomv>
          <edom>
            <edomv>mammal</edomv>
            <edomvd>mammal</edomvd>
            <edomvds>Producer defined</edomvds>
          </edom>
        </attrdomv>
        <attrdomv>
          <edom>
            <edomv>other</edomv>
            <edomvd>other</edomvd>
            <edomvds>Producer defined</edomvds>
          </edom>
        </attrdomv>
        <attrdomv>
          <edom>
            <edomv>insect</edomv>
            <edomvd>insect</edomvd>
            <edomvds>Producer defined</edomvds>
          </edom>
        </attrdomv>
        <attrdomv>
          <edom>
            <edomv>amphibian</edomv>
            <edomvd>amphibian</edomvd>
            <edomvds>Producer defined</edomvds>
          </edom>
        </attrdomv>
        <attrdomv>
          <edom>
            <edomv>reptile</edomv>
            <edomvd>reptile</edomvd>
            <edomvds>Producer defined</edomvds>
          </edom>
        </attrdomv>
      </attr>
      <attr>
        <attrlabl>subsp</attrlabl>
        <attrdef>Subspecies or Population</attrdef>
        <attrdefs>Producer Defined</attrdefs>
        <attrdomv>
          <udom>If data in the paper are reported at a level below species, include the subgroup here. This could be sex of the organism (i.e., range shift data presented separately for males/females); age class (juvenile/adult); or geographic subpopulation

(southern/northern population).</udom>
        </attrdomv>
      </attr>
      <attr>
        <attrlabl>dim</attrlabl>
        <attrdef>Dimension: Describe what kind of range shift the study attempted to assess: latitude,

longitude, elevation, or depth.</attrdef>
        <attrdefs>Producer Defined</attrdefs>
        <attrdomv>
          <edom>
            <edomv>latitude</edomv>
            <edomvd>shift incurred on the latitudinal gradient</edomvd>
            <edomvds>Producer defined</edomvds>
          </edom>
        </attrdomv>
        <attrdomv>
          <edom>
            <edomv>elevation</edomv>
            <edomvd>shift incurred on the elevation gradient</edomvd>
            <edomvds>Producer defined</edomvds>
          </edom>
        </attrdomv>
        <attrdomv>
          <edom>
            <edomv>depth</edomv>
            <edomvd>shift incurred on the depth gradient</edomvd>
            <edomvds>Producer defined</edomvds>
          </edom>
        </attrdomv>
        <attrdomv>
          <edom>
            <edomv>longitude</edomv>
            <edomvd>shift incurred on the longitudinal gradient</edomvd>
            <edomvds>Producer defined</edomvds>
          </edom>
        </attrdomv>
      </attr>
      <attr>
        <attrlabl>obsvt</attrlabl>
        <attrdef>Observation type: Describe whether the observation is of a shift in occupancy; or a shift

in abundance</attrdef>
        <attrdefs>Producer Defined</attrdefs>
        <attrdomv>
          <edom>
            <edomv>occupancy shift</edomv>
            <edomvd>Occupancy shift: a change in where the species is present or absent (e.g. shift in
average latitude or maximum elevation)</edomvd>
            <edomvds>Producer defined</edomvds>
          </edom>
        </attrdomv>
        <attrdomv>
          <edom>
            <edomv>abundance shift</edomv>
            <edomvd>Abundance shift: a change in the distribution of population (e.g. shift in 
optimum/maximum abundance or increase in abundance at the leading edge)</edomvd>
            <edomvds>Producer defined</edomvds>
          </edom>
        </attrdomv>
      </attr>
      <attr>
        <attrlabl>param</attrlabl>
        <attrdef>Parameter: Describe what part or measure of the range the analysis applies to</attrdef>
        <attrdefs>Producer Defined</attrdefs>
        <attrdomv>
          <edom>
            <edomv>leading edge</edomv>
            <edomvd>Leading edge: movement is poleward, upward, or deeper</edomvd>
            <edomvds>Producer defined</edomvds>
          </edom>
        </attrdomv>
        <attrdomv>
          <edom>
            <edomv>mean</edomv>
            <edomvd>Mean: movement at the center of species range</edomvd>
            <edomvds>Producer defined</edomvds>
          </edom>
        </attrdomv>
        <attrdomv>
          <edom>
            <edomv>trailing edge</edomv>
            <edomvd>Trailing edge: movement is equatorial, downslope, shallower</edomvd>
            <edomvds>Producer defined</edomvds>
          </edom>
        </attrdomv>
        <attrdomv>
          <edom>
            <edomv>maximum/optimum</edomv>
            <edomvd>Maximum/Optimum: the point in the range that that has the highest abundance and/or the mean of the range weighted by abundance

East/west</edomvd>
            <edomvds>Producer defined</edomvds>
          </edom>
        </attrdomv>
        <attrdomv>
          <edom>
            <edomv>west</edomv>
            <edomvd>longitudinal shift west of range</edomvd>
            <edomvds>Producer defined</edomvds>
          </edom>
        </attrdomv>
        <attrdomv>
          <edom>
            <edomv>east</edomv>
            <edomvd>longitudinal shift east of range</edomvd>
            <edomvds>Producer defined</edomvds>
          </edom>
        </attrdomv>
      </attr>
      <attr>
        <attrlabl>catchange</attrlabl>
        <attrdef>Categorical change; provide qualitative assessment of the observation</attrdef>
        <attrdefs>Producer Defined</attrdefs>
        <attrdomv>
          <edom>
            <edomv>latitudinal increase</edomv>
            <edomvd>Latitudinal increase: the boundary measurement (e.g., leading edge) increases in latitude</edomvd>
            <edomvds>Producer defined</edomvds>
          </edom>
        </attrdomv>
        <attrdomv>
          <edom>
            <edomv>no change</edomv>
            <edomvd>No change: no change was observed or there was a change reported but it was not

significant</edomvd>
            <edomvds>Producer defined</edomvds>
          </edom>
        </attrdomv>
        <attrdomv>
          <edom>
            <edomv>latitudinal decrease</edomv>
            <edomvd>Latitudinal decrease: the boundary measurement (e.g., leading edge) decreases in latitude</edomvd>
            <edomvds>Producer defined</edomvds>
          </edom>
        </attrdomv>
        <attrdomv>
          <edom>
            <edomv>elevational increase</edomv>
            <edomvd>Elevational increase: the boundary measurement (e.g., leading edge) increases in latitude</edomvd>
            <edomvds>Producer defined</edomvds>
          </edom>
        </attrdomv>
        <attrdomv>
          <edom>
            <edomv>elevational decrease</edomv>
            <edomvd>Elevational decrease: the boundary measurement (e.g., leading edge) decreases in elevation</edomvd>
            <edomvds>Producer defined</edomvds>
          </edom>
        </attrdomv>
        <attrdomv>
          <edom>
            <edomv>depth increase</edomv>
            <edomvd>depth increase: the boundary measurement (e.g., leading edge) increases in depth</edomvd>
            <edomvds>Producer defined</edomvds>
          </edom>
        </attrdomv>
        <attrdomv>
          <edom>
            <edomv>depth decrease</edomv>
            <edomvd>Depth decrease: the boundary measurement (e.g., leading edge) decreases in depth</edomvd>
            <edomvds>Producer defined</edomvds>
          </edom>
        </attrdomv>
        <attrdomv>
          <edom>
            <edomv>longitudinal shift</edomv>
            <edomvd>Longitudinal shift: a change in longitude (either east or west): west should be recorded as negative numbers, east is recorded as positive numbers

Etc</edomvd>
            <edomvds>Producer defined</edomvds>
          </edom>
        </attrdomv>
        <attrdomv>
          <edom>
            <edomv>abundance decrease</edomv>
            <edomvd>Abundance measures decreased</edomvd>
            <edomvds>Producer defined</edomvds>
          </edom>
        </attrdomv>
        <attrdomv>
          <edom>
            <edomv>abundance increase</edomv>
            <edomvd>Abundance measures increased</edomvd>
            <edomvds>Producer defined</edomvds>
          </edom>
        </attrdomv>
      </attr>
      <attr>
        <attrlabl>nchange</attrlabl>
        <attrdef>Numeric Change. If available, describe the quantitative change</attrdef>
        <attrdefs>Producer Defined</attrdefs>
        <attrdomv>
          <edom>
            <edomv>NA</edomv>
            <edomvd>No Data</edomvd>
            <edomvds>Producer defined</edomvds>
          </edom>
        </attrdomv>
        <attrdomv>
          <rdom>
            <rdommin>-401000.0</rdommin>
            <rdommax>854000.0</rdommax>
          </rdom>
        </attrdomv>
      </attr>
      <attr>
        <attrlabl>unit</attrlabl>
        <attrdef>Metric/Unit: Describe the associated metric (e.g., km/year, total meters change, degree latitude, etc.)</attrdef>
        <attrdefs>Producer Defined</attrdefs>
        <attrdomv>
          <edom>
            <edomv>NA</edomv>
            <edomvd>No Data</edomvd>
            <edomvds>Producer defined</edomvds>
          </edom>
        </attrdomv>
        <attrdomv>
          <edom>
            <edomv>degrees lat/year</edomv>
            <edomvd>Degrees of geographic latitude per year</edomvd>
            <edomvds>Producer defined</edomvds>
          </edom>
        </attrdomv>
        <attrdomv>
          <edom>
            <edomv>m</edomv>
            <edomvd>meters</edomvd>
            <edomvds>Producer defined</edomvds>
          </edom>
        </attrdomv>
        <attrdomv>
          <edom>
            <edomv>km</edomv>
            <edomvd>kilometers</edomvd>
            <edomvds>Producer defined</edomvds>
          </edom>
        </attrdomv>
        <attrdomv>
          <edom>
            <edomv>m/decade</edomv>
            <edomvd>meters per decade</edomvd>
            <edomvds>Producer defined</edomvds>
          </edom>
        </attrdomv>
        <attrdomv>
          <edom>
            <edomv>m/year</edomv>
            <edomvd>meters per year</edomvd>
            <edomvds>Producer defined</edomvds>
          </edom>
        </attrdomv>
        <attrdomv>
          <edom>
            <edomv>km/year</edomv>
            <edomvd>kilometers per year</edomvd>
            <edomvds>Producer defined</edomvds>
          </edom>
        </attrdomv>
        <attrdomv>
          <edom>
            <edomv>degrees lat</edomv>
            <edomvd>Latitudinal degrees</edomvd>
            <edomvds>Producer defined</edomvds>
          </edom>
        </attrdomv>
        <attrdomv>
          <edom>
            <edomv>ft</edomv>
            <edomvd>feet</edomvd>
            <edomvds>Producer defined</edomvds>
          </edom>
        </attrdomv>
        <attrdomv>
          <edom>
            <edomv>degrees longitude</edomv>
            <edomvd>longitudinal degrees</edomvd>
            <edomvds>Producer defined</edomvds>
          </edom>
        </attrdomv>
        <attrdomv>
          <edom>
            <edomv>km/decade</edomv>
            <edomvd>kilometers per decade</edomvd>
            <edomvds>Producer defined</edomvds>
          </edom>
        </attrdomv>
        <attrdomv>
          <edom>
            <edomv>degree longitude/year</edomv>
            <edomvd>degrees of longitude per year</edomvd>
            <edomvds>Producer defined</edomvds>
          </edom>
        </attrdomv>
        <attrdomv>
          <edom>
            <edomv>degree latitude per decade</edomv>
            <edomvd>degrees of latitude per decade</edomvd>
            <edomvds>Producer defined</edomvds>
          </edom>
        </attrdomv>
      </attr>
      <attr>
        <attrlabl>fig.y</attrlabl>
        <attrdef>Found in table/page</attrdef>
        <attrdefs>Producer Defined</attrdefs>
        <attrdomv>
          <udom>Where range shift data were reported in the paper (e.g page number, table, figure)</udom>
        </attrdomv>
      </attr>
      <attr>
        <attrlabl>kmdec</attrlabl>
        <attrdef>Conversion to km/decade: use numeric change and metric data to convert quantitative change to km/decade equivalent.</attrdef>
        <attrdefs>Producer Defined</attrdefs>
        <attrdomv>
          <edom>
            <edomv>NA</edomv>
            <edomvd>No Data</edomvd>
            <edomvds>Producer defined</edomvds>
          </edom>
        </attrdomv>
        <attrdomv>
          <rdom>
            <rdommin>-407.237244</rdommin>
            <rdommax>432.3157895</rdommax>
          </rdom>
        </attrdomv>
      </attr>
      <attr>
        <attrlabl>tsupport</attrlabl>
        <attrdef>Comparison to Historical Variability: Was the observed change significant, based on historical variability in species range?</attrdef>
        <attrdefs>Producer Defined</attrdefs>
        <attrdomv>
          <edom>
            <edomv>supports</edomv>
            <edomvd>Poleward, upslope, and deeper movements support temperature hypotheses.</edomvd>
            <edomvds>Producer defined</edomvds>
          </edom>
        </attrdomv>
        <attrdomv>
          <edom>
            <edomv>fails to support: no change</edomv>
            <edomvd>There was no change</edomvd>
            <edomvds>Producer defined</edomvds>
          </edom>
        </attrdomv>
        <attrdomv>
          <edom>
            <edomv>fails to support</edomv>
            <edomvd>Equatorial, downslope, and shallower movements fail to support</edomvd>
            <edomvds>Producer defined</edomvds>
          </edom>
        </attrdomv>
        <attrdomv>
          <edom>
            <edomv>unclear</edomv>
            <edomvd>If the observed response was unclear</edomvd>
            <edomvds>Producer defined</edomvds>
          </edom>
        </attrdomv>
        <attrdomv>
          <edom>
            <edomv>not assessed</edomv>
            <edomvd>If a temperature hypothesis was not assessed</edomvd>
            <edomvds>Producer defined</edomvds>
          </edom>
        </attrdomv>
      </attr>
      <attr>
        <attrlabl>psupport</attrlabl>
        <attrdef>Supports Precipitation Hypothesis: Assess qualitatively whether the observation

supports, fails to support, or does not address our overarching precipitation hypotheses.</attrdef>
        <attrdefs>Producer Defined</attrdefs>
        <attrdomv>
          <edom>
            <edomv>not assessed</edomv>
            <edomvd>precipitation hypotheses not assessed</edomvd>
            <edomvds>Producer defined</edomvds>
          </edom>
        </attrdomv>
        <attrdomv>
          <edom>
            <edomv>supports</edomv>
            <edomvd>precipitation hypotheses were supported</edomvd>
            <edomvds>Producer defined</edomvds>
          </edom>
        </attrdomv>
        <attrdomv>
          <edom>
            <edomv>unclear</edomv>
            <edomvd>The observations were unclear</edomvd>
            <edomvds>Producer defined</edomvds>
          </edom>
        </attrdomv>
        <attrdomv>
          <edom>
            <edomv>fails to support: no change</edomv>
            <edomvd>No change in observed response</edomvd>
            <edomvds>Producer defined</edomvds>
          </edom>
        </attrdomv>
        <attrdomv>
          <edom>
            <edomv>fails to support</edomv>
            <edomvd>precipitation hypotheses were not supported</edomvd>
            <edomvds>Producer defined</edomvds>
          </edom>
        </attrdomv>
      </attr>
      <attr>
        <attrlabl>notes</attrlabl>
        <attrdef>Notes on study</attrdef>
        <attrdefs>Producer Defined</attrdefs>
        <attrdomv>
          <edom>
            <edomv>&lt;&lt; empty cell &gt;&gt;</edomv>
            <edomvd>No Data</edomvd>
            <edomvds>Producer defined</edomvds>
          </edom>
        </attrdomv>
        <attrdomv>
          <udom>Any notes required to further understand previous columns; to provide context for the paper as a whole across multiple lines of the spreadsheet; or to note any unclear component of the paper.</udom>
        </attrdomv>
      </attr>
      <attr>
        <attrlabl>syear</attrlabl>
        <attrdef>Start year</attrdef>
        <attrdefs>Producer Defined</attrdefs>
        <attrdomv>
          <edom>
            <edomv>NA</edomv>
            <edomvd>No Data</edomvd>
            <edomvds>Producer defined</edomvds>
          </edom>
        </attrdomv>
        <attrdomv>
          <udom>The first year of the study period</udom>
        </attrdomv>
      </attr>
      <attr>
        <attrlabl>eyear</attrlabl>
        <attrdef>End year</attrdef>
        <attrdefs>Producer Defined</attrdefs>
        <attrdomv>
          <edom>
            <edomv>NA</edomv>
            <edomvd>No Data</edomvd>
            <edomvds>Producer defined</edomvds>
          </edom>
        </attrdomv>
        <attrdomv>
          <udom>The last year of the study period</udom>
        </attrdomv>
      </attr>
      <attr>
        <attrlabl>kingdom</attrlabl>
        <attrdef>The taxonomic kingdom the focal species belongs to, refers to taxonomic rank.</attrdef>
        <attrdefs>Producer Defined</attrdefs>
        <attrdomv>
          <edom>
            <edomv>Metazoa</edomv>
            <edomvd>Multicellular, eukaryotic organisms in the Kingdom Animalia.</edomvd>
            <edomvds>Producer defined</edomvds>
          </edom>
        </attrdomv>
        <attrdomv>
          <edom>
            <edomv>Viridiplantae</edomv>
            <edomvd>a clade of eukaryotic organisms that are comprised of green algae, which are primarily aquatic, and land plants.</edomvd>
            <edomvds>Producer defined</edomvds>
          </edom>
        </attrdomv>
        <attrdomv>
          <edom>
            <edomv>Animalia</edomv>
            <edomvd>Multicellular, eukaryotic organisms in the Kingdom Animalia.</edomvd>
            <edomvds>Producer defined</edomvds>
          </edom>
        </attrdomv>
        <attrdomv>
          <edom>
            <edomv>Plantae</edomv>
            <edomvd>photosynthetic eukaryotes that form the kingdom Plantae</edomvd>
            <edomvds>Producer defined</edomvds>
          </edom>
        </attrdomv>
        <attrdomv>
          <edom>
            <edomv>Fungi</edomv>
            <edomvd>any member of the group of eukaryotic organisms that includes yeast, molds, and mushrooms</edomvd>
            <edomvds>Producer defined</edomvds>
          </edom>
        </attrdomv>
      </attr>
      <attr>
        <attrlabl>phylum</attrlabl>
        <attrdef>The taxonomic phylum the focal species belongs to, refers to taxonomic rank.</attrdef>
        <attrdefs>Producer Defined</attrdefs>
        <attrdomv>
          <edom>
            <edomv>Chordata</edomv>
            <edomvd>animals belonging to the phylum Chordata. Chordates at some point in their life cycle possess five primary physical characteristics that distinguish them: a notochord, dorsal hollow nerve cord, endostyle, or thyroid pharyngeal slits, and a post-anal tail.</edomvd>
            <edomvds>Producer defined</edomvds>
          </edom>
        </attrdomv>
        <attrdomv>
          <edom>
            <edomv>Streptophyta</edomv>
            <edomvd>A clade of plants that includes all land plants and green algae, except Chlorophyta and Prasinodermophyta.</edomvd>
            <edomvds>Wikipedia</edomvds>
          </edom>
        </attrdomv>
        <attrdomv>
          <edom>
            <edomv>Tracheophyta</edomv>
            <edomvd>A large group of land plants called vascular plants.</edomvd>
            <edomvds>Producer defined</edomvds>
          </edom>
        </attrdomv>
        <attrdomv>
          <edom>
            <edomv>Arthropoda</edomv>
            <edomvd>invertebrate animals that possess an exoskeleton, segmented body, and paired jointed appendages.</edomvd>
            <edomvds>Producer defined</edomvds>
          </edom>
        </attrdomv>
        <attrdomv>
          <edom>
            <edomv>Cnidaria</edomv>
            <edomvd>Phylum within Kingdom animalia containing aquatic animals found in both freshwater and marine environments</edomvd>
            <edomvds>Wikipedia</edomvds>
          </edom>
        </attrdomv>
        <attrdomv>
          <edom>
            <edomv>Mollusca</edomv>
            <edomvd>Phylum of invertebrate animals known as molluscs or mollusks</edomvd>
            <edomvds>Wikipedia</edomvds>
          </edom>
        </attrdomv>
        <attrdomv>
          <edom>
            <edomv>Annelida</edomv>
            <edomvd>Large phylum of segmented worms that include ragworms, earthworms, and leeches.</edomvd>
            <edomvds>Wikipedia</edomvds>
          </edom>
        </attrdomv>
        <attrdomv>
          <edom>
            <edomv>Echinodermata</edomv>
            <edomvd>Animals known as echinoderms which are recognizable by their adult radial symmetry (e.g. starfish, sea urchins, sand dollars, etc.)</edomvd>
            <edomvds>Wikipedia</edomvds>
          </edom>
        </attrdomv>
        <attrdomv>
          <edom>
            <edomv>Marchantiophyta</edomv>
            <edomvd>a division of non-vascular land plants commonly referred to as hepatics or liverworts</edomvd>
            <edomvds>wikipedia</edomvds>
          </edom>
        </attrdomv>
        <attrdomv>
          <edom>
            <edomv>Bryophyta</edomv>
            <edomvd>A taxonomic division of non-vascular flowerless plants comprised of liverworts, mosses, and hornworts</edomvd>
            <edomvds>wikipedia</edomvds>
          </edom>
        </attrdomv>
        <attrdomv>
          <edom>
            <edomv>Chytridiomycota</edomv>
            <edomvd>A division of zoosporic organism in the kingdom Fungi, informally known as chytrids</edomvd>
            <edomvds>Wikipedia</edomvds>
          </edom>
        </attrdomv>
        <attrdomv>
          <edom>
            <edomv>Ascomycota</edomv>
            <edomvd>a Phylum in the Fungi kingdom that includes sac fungi</edomvd>
            <edomvds>wikipedia</edomvds>
          </edom>
        </attrdomv>
      </attr>
      <attr>
        <attrlabl>class</attrlabl>
        <attrdef>The taxonomic class the focal species belongs to, refers to taxonomic rank.</attrdef>
        <attrdefs>Producer Defined</attrdefs>
        <attrdomv>
          <udom>identify the class that the focal species is from</udom>
        </attrdomv>
      </attr>
      <attr>
        <attrlabl>order</attrlabl>
        <attrdef>The taxonomic order the focal species belongs to, refers to taxonomic rank.</attrdef>
        <attrdefs>Producer Defined</attrdefs>
        <attrdomv>
          <edom>
            <edomv>NA</edomv>
            <edomvd>No Data</edomvd>
            <edomvds>Producer defined</edomvds>
          </edom>
        </attrdomv>
        <attrdomv>
          <udom>identify the order that the focal species is from</udom>
        </attrdomv>
      </attr>
      <attr>
        <attrlabl>family</attrlabl>
        <attrdef>The taxonomic family the focal species belongs to, refers to taxonomic rank.</attrdef>
        <attrdefs>Producer Defined</attrdefs>
        <attrdomv>
          <edom>
            <edomv>NA</edomv>
            <edomvd>No Data</edomvd>
            <edomvds>Producer defined</edomvds>
          </edom>
        </attrdomv>
        <attrdomv>
          <udom>identify the famiy that the focal species is from</udom>
        </attrdomv>
      </attr>
      <attr>
        <attrlabl>genus</attrlabl>
        <attrdef>The taxonomic genus the focal species belongs to, refers to taxonomic rank.</attrdef>
        <attrdefs>Producer Defined</attrdefs>
        <attrdomv>
          <edom>
            <edomv>NA</edomv>
            <edomvd>No Data</edomvd>
            <edomvds>Producer defined</edomvds>
          </edom>
        </attrdomv>
        <attrdomv>
          <udom>identify the genus that the focal species is from</udom>
        </attrdomv>
      </attr>
      <attr>
        <attrlabl>species</attrlabl>
        <attrdef>The taxonomic species the focal species belongs to, refers to taxonomic rank.</attrdef>
        <attrdefs>Producer Defined</attrdefs>
        <attrdomv>
          <udom>identify the species that the focal species is from</udom>
        </attrdomv>
      </attr>
      <attr>
        <attrlabl>data_source_title</attrlabl>
        <attrdef>Source of taxonomic data</attrdef>
        <attrdefs>Producer Defined</attrdefs>
        <attrdomv>
          <edom>
            <edomv>NCBI</edomv>
            <edomvd>National Center for Biotechnology Information (NCBI). Natl. Libr. Med. 
(US), Natl. Cent. Biotechnol. Inf. https://www.ncbi.nlm.nih.gov/</edomvd>
            <edomvds>Producer defined</edomvds>
          </edom>
        </attrdomv>
        <attrdomv>
          <edom>
            <edomv>GBIF Backbone Taxonomy</edomv>
            <edomvd>GBIF Secretariat. GBIF Backbone Taxonomy. https://doi.org/10.15468/
39omei.</edomvd>
            <edomvds>Producer defined</edomvds>
          </edom>
        </attrdomv>
        <attrdomv>
          <edom>
            <edomv>Arctos</edomv>
            <edomvd>Arctos. https://arctos.database.museum/home.cfm.</edomvd>
            <edomvds>Producer defined</edomvds>
          </edom>
        </attrdomv>
        <attrdomv>
          <edom>
            <edomv>GBIF</edomv>
            <edomvd>Global Biodiversity Information Facility. https://www.gbif.org/</edomvd>
            <edomvds>Producer defined</edomvds>
          </edom>
        </attrdomv>
        <attrdomv>
          <edom>
            <edomv>iNaturalist</edomv>
            <edomvd>iNaturalist. https://www.inaturalist.org.</edomvd>
            <edomvds>Producer defined</edomvds>
          </edom>
        </attrdomv>
        <attrdomv>
          <edom>
            <edomv>manual</edomv>
            <edomvd>Searched manually</edomvd>
            <edomvds>Producer defined</edomvds>
          </edom>
        </attrdomv>
      </attr>
      <attr>
        <attrlabl>k2</attrlabl>
        <attrdef>New kingdom classification used for analysis</attrdef>
        <attrdefs>Producer defined</attrdefs>
        <attrdomv>
          <edom>
            <edomv>Animalia</edomv>
            <edomvd>Multicellular, eukaryotic organisms in the Kingdom Animalia.</edomvd>
            <edomvds>Producer defined</edomvds>
          </edom>
        </attrdomv>
        <attrdomv>
          <edom>
            <edomv>Plantae</edomv>
            <edomvd>photosynthetic eukaryotes that form the kingdom Plantae</edomvd>
            <edomvds>Producer defined</edomvds>
          </edom>
        </attrdomv>
      </attr>
      <attr>
        <attrlabl>t2</attrlabl>
        <attrdef>New taxa group used for analysis</attrdef>
        <attrdefs>Producer Defined</attrdefs>
        <attrdomv>
          <udom>Following taxonomic harmonization, we grouped some classes into higher order groups for analysis (e.g., mollusks, crustaceans, plants)</udom>
        </attrdomv>
      </attr>
      <attr>
        <attrlabl>casc</attrlabl>
        <attrdef>USGS casc region. If study fell within several boundaries, they are separated by a semicolon (;)</attrdef>
        <attrdefs>Producer Defined</attrdefs>
        <attrdomv>
          <edom>
            <edomv>NA</edomv>
            <edomvd>Not applicable, study did not fall within a CASC boundary</edomvd>
            <edomvds>Producer defined</edomvds>
          </edom>
        </attrdomv>
        <attrdomv>
          <edom>
            <edomv>Alaska</edomv>
            <edomvd>Geography spans the state of Alaska</edomvd>
            <edomvds>Producer defined</edomvds>
          </edom>
        </attrdomv>
        <attrdomv>
          <edom>
            <edomv>Contiguous United States</edomv>
            <edomvd>
            </edomvd>
            <edomvds>Producer defined</edomvds>
          </edom>
        </attrdomv>
        <attrdomv>
          <edom>
            <edomv>North Central</edomv>
            <edomvd>Geography spans Montana, Wyoming, Colorado, North Dakota, South Dakota, Nebraska, and Kansas.</edomvd>
            <edomvds>Producer defined</edomvds>
          </edom>
        </attrdomv>
        <attrdomv>
          <edom>
            <edomv>Northeast</edomv>
            <edomvd>Geography includes the states of Connecticut, Delaware, Kentucky, Maine, Maryland, Massachusetts, New Hampshire, New Jersey, New York, Pennsylvania, Rhode Island, Virginia, Vermont, and West Virginia.</edomvd>
            <edomvds>Producer defined</edomvds>
          </edom>
        </attrdomv>
        <attrdomv>
          <edom>
            <edomv>Northwest</edomv>
            <edomvd>Geography spans Washington, Oregon, and Idaho.</edomvd>
            <edomvds>Producer defined</edomvds>
          </edom>
        </attrdomv>
        <attrdomv>
          <edom>
            <edomv>South Central</edomv>
            <edomvd>Geography spans Oklahoma, Texas, Louisiana, and New Mexico.</edomvd>
            <edomvds>Producer defined</edomvds>
          </edom>
        </attrdomv>
        <attrdomv>
          <edom>
            <edomv>Southeast</edomv>
            <edomvd>Geography spans North Carolina, South Carolina, Georgia, Alabama, Mississippi, Florida, Tennessee, Arkansas, Puerto Rico, and the U.S. Virgin Islands</edomvd>
            <edomvds>Producer defined</edomvds>
          </edom>
        </attrdomv>
        <attrdomv>
          <edom>
            <edomv>Southwest</edomv>
            <edomvd>Geography spans Arizona, Utah, California, and Nevada.</edomvd>
            <edomvds>Producer defined</edomvds>
          </edom>
        </attrdomv>
        <attrdomv>
          <edom>
            <edomv>Pacific Islands</edomv>
            <edomvd>Geography spans  American Samoa, the Commonwealth of the Northern Mariana Islands, the Federated States of Micronesia, Guam, Hawai'i, Palau, and the Republic of the Marshall Islands.</edomvd>
            <edomvds>Producer defined</edomvds>
          </edom>
        </attrdomv>
      </attr>
    </detailed>
    <detailed>
      <enttyp>
        <enttypl>PaperID.csv</enttypl>
        <enttypd>Comma Separated Value (CSV) file containing data.</enttypd>
        <enttypds>Producer Defined</enttypds>
      </enttyp>
      <attr>
        <attrlabl>Paper ID</attrlabl>
        <attrdef>Numerical Identifier given to each article that passed title/abstract review</attrdef>
        <attrdefs>Producer Defined</attrdefs>
        <attrdomv>
          <rdom>
            <rdommin>1</rdommin>
            <rdommax>842</rdommax>
          </rdom>
        </attrdomv>
      </attr>
      <attr>
        <attrlabl>Author</attrlabl>
        <attrdef>Abbreviated authors of the article</attrdef>
        <attrdefs>Producer Defined</attrdefs>
        <attrdomv>
          <udom>Here we noted the authors of each article in abbreviated form.</udom>
        </attrdomv>
      </attr>
      <attr>
        <attrlabl>Title</attrlabl>
        <attrdef>Title of the article</attrdef>
        <attrdefs>Producer Defined</attrdefs>
        <attrdomv>
          <udom>Full title of the article</udom>
        </attrdomv>
      </attr>
      <attr>
        <attrlabl>Year</attrlabl>
        <attrdef>Year of publication</attrdef>
        <attrdefs>Producer Defined</attrdefs>
        <attrdomv>
          <udom>The year the article was published</udom>
        </attrdomv>
      </attr>
      <attr>
        <attrlabl>Journal</attrlabl>
        <attrdef>The journal publication</attrdef>
        <attrdefs>Producer Defined</attrdefs>
        <attrdomv>
          <udom>The journal or book that the article was published in</udom>
        </attrdomv>
      </attr>
      <attr>
        <attrlabl>DOI</attrlabl>
        <attrdef>Digitial Object Identifier (DOI), or persistent identifier to uniquely identify each article, assigned by the article publisher.</attrdef>
        <attrdefs>Producer Defined</attrdefs>
        <attrdomv>
          <edom>
            <edomv>n/a</edomv>
            <edomvd>No Data</edomvd>
            <edomvds>Producer defined</edomvds>
          </edom>
        </attrdomv>
        <attrdomv>
          <udom>The DOI for each article, if available</udom>
        </attrdomv>
      </attr>
    </detailed>
    <detailed>
      <enttyp>
        <enttypl>Climate.Variables.csv</enttypl>
        <enttypd>Comma Separated Value (CSV) file containing data.</enttypd>
        <enttypds>Producer Defined</enttypds>
      </enttyp>
      <attr>
        <attrlabl>Reference Number</attrlabl>
        <attrdef>The letter/number combination assigned to each climate variable</attrdef>
        <attrdefs>Producer Defined</attrdefs>
        <attrdomv>
          <udom>Each variable was assigned a reference code. A codes refer to temperature variables. B codes refer to water temperature variables. C codes refer to precipitation variables.</udom>
        </attrdomv>
      </attr>
      <attr>
        <attrlabl>Variable Description</attrlabl>
        <attrdef>Description of the climate variable</attrdef>
        <attrdefs>Producer Defined</attrdefs>
        <attrdomv>
          <udom>The climate variable that corresponds to the reference number.</udom>
        </attrdomv>
      </attr>
    </detailed>
    <detailed>
      <enttyp>
        <enttypl>studyarea.shapefiles.shp</enttypl>
        <enttypd>Table containing attribute information associated with the data set.</enttypd>
        <enttypds>Producer Defined</enttypds>
      </enttyp>
      <attr>
        <attrlabl>FID</attrlabl>
        <attrdef>Internal feature number.</attrdef>
        <attrdefs>ESRI</attrdefs>
        <attrdomv>
          <udom>Sequential unique whole numbers that are automatically generated.</udom>
        </attrdomv>
      </attr>
      <attr>
        <attrlabl>Shape</attrlabl>
        <attrdef>Feature geometry.</attrdef>
        <attrdefs>ESRI</attrdefs>
        <attrdomv>
          <udom>Shape type.</udom>
        </attrdomv>
      </attr>
      <attr>
        <attrlabl>Name</attrlabl>
        <attrdef>Name of Polygon</attrdef>
        <attrdefs>Producer Defined</attrdefs>
        <attrdomv>
          <udom>Name of Polygon</udom>
        </attrdomv>
      </attr>
      <attr>
        <attrlabl>paperid</attrlabl>
        <attrdef>Numerical ID assigned to each research article entered in the matrix that has passed Title/Abstract Review</attrdef>
        <attrdefs>Producer Defined</attrdefs>
        <attrdomv>
          <rdom>
            <rdommin>1</rdommin>
            <rdommax>842</rdommax>
          </rdom>
        </attrdomv>
      </attr>
      <attr>
        <attrlabl>avlblty</attrlabl>
        <attrdef>Spatial scale of the polygon (availability)</attrdef>
        <attrdefs>Producer Defined</attrdefs>
        <attrdomv>
          <edom>
            <edomv>STUDY-LEVEL</edomv>
            <edomvd>Spatial data available at the study level. Referenced in polygon naming convention as 'SL'</edomvd>
            <edomvds>Producer defined</edomvds>
          </edom>
        </attrdomv>
        <attrdomv>
          <edom>
            <edomv>SPP-LEVEL</edomv>
            <edomvd>Spatial data available at the species level. Referenced in polygon naming convention as 'SPL'</edomvd>
            <edomvds>Producer defined</edomvds>
          </edom>
        </attrdomv>
        <attrdomv>
          <edom>
            <edomv>POP-LEVEL</edomv>
            <edomvd>Spatial data available for distinct populations. Referenced in polygon naming convention as 'POPLVL'</edomvd>
            <edomvds>Producer defined</edomvds>
          </edom>
        </attrdomv>
      </attr>
      <attr>
        <attrlabl>quality</attrlabl>
        <attrdef>How to obtain spatial data</attrdef>
        <attrdefs>Producer Defined</attrdefs>
        <attrdomv>
          <edom>
            <edomv>DIG</edomv>
            <edomvd>No supplementary data, spatial extent for a given level must be approximately hand-digitized in Google Earth based solely on descriptions of the study area available in the article or associated research organization website</edomvd>
            <edomvds>Producer defined</edomvds>
          </edom>
        </attrdomv>
        <attrdomv>
          <edom>
            <edomv>FIGDIG</edomv>
            <edomvd>Spatial info cannot be extracted directly from relevant figure, but relevant figure can assist in hand-digitization</edomvd>
            <edomvds>Producer defined</edomvds>
          </edom>
        </attrdomv>
        <attrdomv>
          <edom>
            <edomv>DIGI</edomv>
            <edomvd>No supplementary data, spatial info can be extracted from a relevant figure(s)</edomvd>
            <edomvds>Producer defined</edomvds>
          </edom>
        </attrdomv>
      </attr>
      <attr>
        <attrlabl>access</attrlabl>
        <attrdef>Where to find the data used to generate the polygon</attrdef>
        <attrdefs>Producer Defined</attrdefs>
        <attrdomv>
          <udom>Contains relevant links for supplementary data access,  relevant figure(s), relevant study area description(s) from text</udom>
        </attrdomv>
      </attr>
      <attr>
        <attrlabl>sptlnts</attrlabl>
        <attrdef>Any notes on the spatial information relevant to the study.</attrdef>
        <attrdefs>Producer Defined</attrdefs>
        <attrdomv>
          <edom>
            <edomv>&lt;&lt; empty cell &gt;&gt;</edomv>
            <edomvd>No Data</edomvd>
            <edomvds>Producer defined</edomvds>
          </edom>
        </attrdomv>
        <attrdomv>
          <udom>Qualitative description that may be useful for future users of the spatial data.</udom>
        </attrdomv>
      </attr>
    </detailed>
    <overview>
      <eaover>The database has three related components. The first component, Paper ID, contains citation information for each article used in our study. The second component, Study Species Data, contains the relevant information retrieved from the articles about the study design, location, time period, species information, and data on the range shifts. The final component is a key to understanding the climate variables used in the study species data tab.</eaover>
      <eadetcit>Madeleine A. Rubenstein, Sarah R. Weiskopf; Romain Bertrand, Shawn L. Carter, Lise Comte, Mitchell J. Eaton, Ciara G. Johnson, Jonathan Lenoir, Abigail J. Lynch, Daria Yurevna Maslyukova, Brian W. Miller, Toni Lyn Morelli, Evan J. Parker, Christopher Poole, Mari Angel Rodriguez, Theresa Rudick, Adam Terando, Laura M. Thompson, Keanah Turner. (2023). CoRE (Contractions or Range Expansions) Database [database]. Retrieved from https://doi.org/10.5066/P99VP2TW</eadetcit>
    </overview>
  </eainfo>
  <distinfo>
    <distrib>
      <cntinfo>
        <cntperp>
          <cntper>GS ScienceBase</cntper>
          <cntorg>U.S. Geological Survey</cntorg>
        </cntperp>
        <cntaddr>
          <addrtype>mailing address</addrtype>
          <address>Denver Federal Center, Building 810, Mail Stop 302</address>
          <city>Denver</city>
          <state>CO</state>
          <postal>80225</postal>
          <country>United States</country>
        </cntaddr>
        <cntvoice>1-888-275-8747</cntvoice>
        <cntemail>sciencebase@usgs.gov</cntemail>
      </cntinfo>
    </distrib>
    <distliab>Unless otherwise stated, all data, metadata and related materials are considered to satisfy the quality standards relative to the purpose for which the data were collected. Although these data and associated metadata have been reviewed for accuracy and completeness and approved for release by the U.S. Geological Survey (USGS), no warranty expressed or implied is made regarding the display or utility of the data for other purposes, nor on all computer systems, nor shall the act of distribution constitute any such warranty.</distliab>
    <stdorder>
      <digform>
        <digtinfo>
          <formname>Digital Data</formname>
        </digtinfo>
        <digtopt>
          <onlinopt>
            <computer>
              <networka>
                <networkr>https://doi.org/10.5066/P99VP2TW</networkr>
              </networka>
            </computer>
          </onlinopt>
        </digtopt>
      </digform>
      <fees>None</fees>
    </stdorder>
  </distinfo>
  <metainfo>
    <metd>20240529</metd>
    <metc>
      <cntinfo>
        <cntperp>
          <cntper>Sarah R Weiskopf</cntper>
          <cntorg>U.S. Geological Survey, ECOSYSTEMS</cntorg>
        </cntperp>
        <cntpos>NCASC National Biodiversity Lead</cntpos>
        <cntaddr>
          <addrtype>mailing address</addrtype>
          <address>12201 Sunrise Valley Dr</address>
          <city>Reston</city>
          <state>VA</state>
          <postal>20192</postal>
          <country>US</country>
        </cntaddr>
        <cntvoice>703-648-4073</cntvoice>
        <cntemail>sweiskopf@usgs.gov</cntemail>
      </cntinfo>
    </metc>
    <metstdn>FGDC Biological Data Profile of the Content Standard for Digital Geospatial Metadata</metstdn>
    <metstdv>FGDC-STD-001.1-1999</metstdv>
  </metainfo>
</metadata>
