paperid,author,title,year,journal,doi
1,Currie et al,Climate change is not a major driver of shifts in the geographical distributions of north american birds,2017,Global Ecology and Biogeography,10.1111/geb.12538
2,Kelly and Goulden,Rapid shifts in plant distribution with recent climate change,2008,PNAS,10.1073/pnas.0802891105
5,Morelli et al,Anthropogenic refugia ameliorate the severe climate-related decline of a montane mammal along its trailing edge,2012,Proceedings of the Royal Society B - Biological Sciences,10.1098/rspb.2012.1301
6,Sultaire et al,Climate change surpasses land-use change in the contracting range boundary of a winter-adapted mammal,2016,Proceedings of the Royal Society B - Biological Sciences,10.1098/rspb.2015.3104
7,Perry et al,Climate change and distribution shifts in marine fishes,2005,Science,10.1126/science.1111322
8,Lenoir et al,A significant upward shift in plant species optimum elevation during the 20th century,2008,Science,10.1126/science.1156831
9,Moritz et al,"Impact of a century of climate change on small-mammal communities in yosemite national park, usa",2008,Science,10.1126/science.1163428
10,Parmesan et al,Poleward shifts in geographical ranges of butterfly species associated with regional warming,1999,Nature,10.1038/21181
14,Hitch and Leberg,Breeding distributions of north american bird species moving north as a result of climate change,2007,Conservation Biology,10.1111/j.1523-1739.2006.00609.x
15,Tingley et al,The push and pull of climate change causes heterogeneous shifts in avian elevational ranges,2012,Global Change Biology,10.1111/j.1365-2486.2012.02784.x
16,Walther et al,An ecological 'footprint' of climate change,2005,Proceedings of the Royal Society B - Biological Sciences,10.1098/rspb.2005.3119
18,Dulvy et al,Climate change and deepening of the north sea fish assemblage: a biotic indicator of warming seas,2008,Journal of Applied Ecology,10.1111/j.1365-2664.2008.01488.x
22,Battisti et al,Expansion of geographic range in the pine processionary moth caused by increased winter temperatures,2005,Ecological Applications,10.1890/04-1903
26,Mueter and Litzow,Sea ice retreat alters the biogeography of the bering sea continental shelf,2008,Ecological Applications,10.1890/07-0564.1
27,Pinsky et al,Marine taxa track local climate velocities,2013,Science,10.1126/science.1239352
30,Wilson et al,Changes to the elevational limits and extent of species ranges associated with climate change,2005,Ecology Letters,10.1111/j.1461-0248.2005.00824.x
35,Nye et al,Changing spatial distribution of fish stocks in relation to climate and population size on the northeast united states continental shelf,2009,Marine Ecology Progress Series,10.3354/meps08220
36,Jepsen et al,Climate change and outbreaks of the geometrids operophtera brumata and epirrita autumnata in subarctic birch forest: evidence of a recent outbreak range expansion,2008,Journal of Animal Ecology,10.1111/j.1365-2656.2007.01339.x
37,Thomas et al,Ecological and evolutionary processes at expanding range margins,2001,Nature,10.1038/35079066
40,Crimmins et al,Changes in climatic water balance drive downhill shifts in plant species' optimum elevations,2011,Science,10.1126/science.1199040
41,Lindgren et al,Impact of climatic change on the northern latitude limit and population density of the disease-transmitting european tick ixodes ricinus,2000,Environmental Health Perspectives,10.1289/ehp.00108119
43,Hickling et al,A northward shift of range margins in british odonata,2005,Global Change Biology,10.1111/j.1365-2486.2005.00904.x
44,Maclean et al,Climate change causes rapid changes in the distribution and site abundance of birds in winter,2008,Global Change Biology,10.1111/j.1365-2486.2008.01666.x
46,Lehikoinen et al,Rapid climate driven shifts in wintering distributions of three common waterbird species,2013,Global Change Biology,10.1111/gcb.12200
48,Penuelas and Boada,A global change-induced biome shift in the montseny mountains (ne spain),2003,Global Change Biology,10.1046/j.1365-2486.2003.00566.x
49,Yamano et al,Rapid poleward range expansion of tropical reef corals in response to rising sea surface temperatures,2011,Geophysical Research Letters,10.1029/2010GL046474
50,Franco et al,Impacts of climate warming and habitat loss on extinctions at species' low-latitude range boundaries,2006,Global Change Biology,10.1111/j.1365-2486.2006.01180.x
51,Raxworthy et al,Extinction vulnerability of tropical montane endemism from warming and upslope displacement: a preliminary appraisal for the highest massif in madagascar,2008,Global Change Biology,10.1111/j.1365-2486.2008.01596.x
52,Hill et al,Impacts of landscape structure on butterfly range expansion,2001,Ecology Letters,10.1046/j.1461-0248.2001.00222.x
53,Kullman,Rapid recent range-margin rise of tree and shrub species in the swedish scandes,2002,Journal of Ecology,10.1046/j.0022-0477.2001.00630.x
56,Foden et al,A changing climate is eroding the geographical range of the namib desert tree aloe through population declines and dispersal lags,2007,Diversity and Distributions,10.1111/j.1472-4642.2007.00391.x
59,Konvicka et al,Uphill shifts in distribution of butterflies in the czech republic: effects of changing climate detected on a regional scale,2003,Global Ecology and Biogeography,10.1046/j.1466-822X.2003.00053.x
60,Chen et al,Elevation increases in moth assemblages over 42 years on a tropical mountain,2009,Ecology Letters,10.1073/pnas.0809320106
69,Lesica and McCune,Decline of arctic-alpine plants at the southern margin of their range following a decade of climatic warming,2004,Journal of Vegetation Science,10.1658/1100-9233(2004)015[0679:DOAPAT]2.0.CO;2
70,Stewart et al,Revisiting the past to foretell the future: summer temperature and habitat area predict pika extirpations in california,2015,Journal of Biogeography,10.1111/jbi.12466
71,Freeman and Class Freeman,Rapid upslope shifts in new guinean birds illustrate strong distributional responses of tropical montane species to global warming,2014,Proceedings of the National Academy of Sciences of the United States of America,10.1073/pnas.1318190111
72,Klanderud and Birks,Recent increases in species richness and shifts in altitudinal distributions of norwegian mountain plants,2003,Holocene,10.1191/0959683603hl589ft
73,La Sorte and Thompson,Poleward shifts in winter ranges of north american birds,2007,Ecology Letters,10.1890/06-1072.1
74,Morueta-Holme et al,Strong upslope shifts in chimborazo's vegetation over two centuries since humboldt,2015,Proceedings of the National Academy of Sciences of the United States of America,10.1073/pnas.1509938112
75,Zuckerberg et al,Poleward shifts in breeding bird distributions in new york state,2009,Global Change Biology,10.1111/j.1365-2486.2009.01878.x
76,Hiddink et al,Temperature tracking by north sea benthic invertebrates in response to climate change,2015,Global Change Biology,10.1111/gcb.12726
77,Telwala et al,Climate-induced elevational range shifts and increase in plant species richness in a himalayan biodiversity epicentre,2013,Plos One,10.1371/journal.pone.0057103
78,Frei et al,Plant species' range shifts in mountainous areas-all uphill from here?,2010,Botanica Helvetica,10.1007/s00035-010-0076-y
79,Rowe et al,Range dynamics of small mammals along an elevational gradient over an 80-year interval,2010,Global Change Biology,10.1111/j.1365-2486.2009.02150.x
80,Comte et al,Do stream fish track climate change? Assessing distribution shifts in recent decades,2013,Ecography,10.1111/j.1600-0587.2013.00282.x
81,Rivadeneira et al,Shifts in southern endpoints of distribution in rocky intertidal species along the south-eastern pacific coast,2005,Journal of Biogeography,10.1111/j.1365-2699.2004.01133.x
82,Puce et al,"Long-term changes in hydroid (cnidaria, hydrozoa) assemblages: effect of mediterranean warming?",2009,Marine Ecology - An Evolutionary Perspective,10.1111/j.1439-0485.2009.00283.x
84,Lenoir et al,Forest plant community changes during 1989-2007 in response to climate warming in the jura mountains (france and switzerland),2010,Journal of Vegetation Science,10.1111/j.1654-1103.2010.01201.x
85,Wethey and Woodin,Ecological hindcasting of biogeographic responses to climate change in the european intertidal zone,2008,Hydrobiologia,10.1007/s10750-008-9338-8
86,Le Roux and McGeoch,Rapid range expansion and community reorganization in response to warming,2008,Global Change Biology,10.1111/j.1365-2486.2008.01687.x
89,Gillings et al,Directionality of recent bird distribution shifts and climate change in great britain,2015,Global Change Biology,10.1111/gcb.12823
90,Boisvert-Marsh et al,Shifting with climate? Evidence for recent changes in tree species distribution at high latitudes,2014,Ecosphere,10.1890/ES14-00111.1
94,Virkkala and Lehikoinen,Patterns of climate-induced density shifts of species: poleward shifts faster in northern boreal birds than in southern birds,2014,Global Change Biology,10.1111/gcb.12573
98,Breed et al,Climate-driven changes in northeastern us butterfly communities,2013,Nature Climate Change,10.1038/nclimate1663
99,Linares et al,Interacting effects of changes in climate and forest cover on mortality and growth of the southernmost european fir forests,2009,Global Ecology and Biogeography,10.1111/j.1466-8238.2009.00465.x
101,Davidson et al,"Declines of the california red-legged frog: climate, uv-b, habitat, and pesticides hypotheses",2001,Ecological Applications,10.1890/1051-0761(2001)011[0464:DOTCRL]2.0.CO;2
103,Rowe et al,Spatially heterogeneous impact of climate change on small mammals of montane california,2015,Proceedings of the Royal Society B - Biological Sciences,10.1098/rspb.2014.1857
104,Jore et al,Multi-source analysis reveals latitudinal and altitudinal shifts in range of ixodes ricinus at its northern distribution limit,2011,Parasites and Vectors,10.1186/1756-3305-4-84
106,Penuelas et al,"Migration, invasion and decline: changes in recruitment and forest structure in a warming-linked shift of european beech forest in catalonia (ne spain)",2007,Ecography,10.1111/j.2007.0906-7590.05247.x
107,Poloczanska et al,Little change in the distribution of rocky shore faunal communities on the australian east coast after 50 years of rapid warming,2011,Journal of Experimental Marine Biology and Ecology,10.1016/j.jembe.2011.02.018
108,Felde et al,"Upward shift in elevational plant species ranges in sikkilsdalen, central norway",2012,Ecography,10.1111/j.1600-0587.2011.07057.x
110,Becker et al,Altitudinal distribution of alien plant species in the swiss alps,2005,Perspectives In Plany Ecology Evolution and Systematics,10.1016/j.ppees.2005.09.006
111,Pitt et al,Climate-driven range changes in tasmanian intertidal fauna,2010,Marine and Freshwater Research,10.1071/MF09225
112,Stebbing et al,Immigration of southern fish species to south-west england linked to warming of the north atlantic (1960–2001),2002,Journal of the Marine Biological Association of the United Kingdom,10.1017/S0025315402005325
113,Parmesan,Climate and species' range,1996,Nature,10.1038/382765a0
117,Beare et al,Long-term increases in prevalence of north sea fishes having southern biogeographic affinities,2004,Marine Ecology Progress Series,10.3354/meps284269
121,Veit et al,Apex marine predator declines ninety percent in association with changing oceanic climate.,2003,Global Change Biology,10.1046/j.1365-2486.1997.d01-130.x
124,Meshinev et al,Influence of warming on timberline rising: a case study on pinus peuce griseb. in bulgaria.,2000,Phytocoenologia,10.1127/phyto/30/2000/431
128,Herbert et al,Influence of recruitment and temperature on distribution of intertidal barnacles in the english channel,2007,Journal of the Marine Biological Association of the United Kingdom,10.1017/S0025315407052745
135,Lindley et al,Variations in the distributions of centropages chierchiae and temora stylifera (copepoda: calanoida) in the north-eastern atlantic ocean and western european shelf waters,2005,Ices Journal of Marine Science,10.1016/j.icesjms.2005.02.009
136,Chen et al,Asymmetric boundary shifts of tropical montane lepidoptera over four decades of climate warming,2010,Global Ecology and Biogeography,10.1111/j.1466-8238.2010.00594.x
139,Johnson,Pioneering and natural expansion of breeding distributions in western north american birds,1994,Studies In Avian Biology,n/a
143,Wynn et al,Climate-driven range expansion of a critically endangered top predator in northeast atlantic waters,2007,Biology Letters,10.1098/rsbl.2007.0162
146,Last et al,Long-term shifts in abundance and distribution of a temperate fish fauna: a response to climate change and fishing practices,2010,Global Ecology and Biogeography,10.1111/j.1466-8238.2010.00575.x
147,Zengling et al,Effect of global warming on the distribution of lucifer intermedius and l. hanseni (decapoda) in the changjiang estuary,2009,Progress In Natural Science,10.1016/j.pnsc.2008.12.008
149,Brommer,The range margins of northern birds shift polewards,2004,Annales Zoologici Fennici,n/a
150,Archaux,Breeding upwards when climate is becoming warmer: no bird response in the french alps,2010,Ibis,10.1111/j.1474-919X.2004.00246.x
152,Parolo and Rossi,Upward migration of vascular plants following a climate warming trend in the alps,2008,Basic and Applied Ecology,10.1016/j.baae.2007.01.005
153,Tryjanowski,Uphill shifts in the distribution of the white stork ciconia ciconia in southern poland: the importance of nest quality,2005,Diversity and Distributions,10.1111/j.1366-9516.2005.00140.x
156,Frey,Response of a mammalian faunal element to climatic changes,1992,Journal of Mammalogy,10.2307/1381864
161,Salvadeo et al,Climate change and a poleward shift in the distribution of the pacific white-sided dolphin in the northeastern pacific,2010,Endangered Species Research,10.3354/esr00252
169,Vesperinas et al,The expansion of thermophilic plants in the iberian peninsula as a sign of climatic change,2001,"In Book: ""Fingerprints of Climate Change""",10.1007/978-1-4419-8692-4_11
170,Kleukers et al,The recent expansion of conocephalus discolor (thunberg) (orthoptera:tettigoniidae) in western europe,1996,Entomologist's Gazette,n/a
184,Johnson et al,Range extension of the long-spined sea urchin (centrostephanus rodgersii) in eastern tasmania: assessment of potential threats to fisheries,2005,FRDC,n/a
185,Kirby et al,Climate effects and benthic-pelagic coupling in the north sea,2007,Marine Ecology Progress Series,10.3354/meps330031
190,Hedger et al,Analysis of the spatial distributions of mature cod (gadus morhua) and haddock (melanogrammus aeglefinus) abundance in the north sea (1980-1999) using generalised additive models,2004,Fisheries Research,10.1016/j.fishres.2004.07.002
191,Termaat et al,Changes in the range of dragonflies in the netherlands and the possible role of temperature change,2010,Biorisk,10.3897/biorisk.5.847
192,Khrokalo,Expansion of crocothemis erythraea in ukraine,2010,Biorisk,10.3897/biorisk.5.851
193,Beatty et al,"Dragonfly and damselfly (insecta, odonata) distributions in ontario, canada: investigating the influence of climate change",2010,Biorisk,10.3897/biorisk.5.852
195,Byrkjedal et al,Northward range extensions of some mesopelagic fishes in the northeastern atlantic,2004,Sarsia North Atlantic Marine Science,10.1080/00364820410009265
198,Karban and Strauss,"Physiological tolerance, climate change, and a northward range shift in the spittlebug, philaenus spumarius",2004,Ecological Entomology,10.1111/j.1365-2311.2004.00576.x
208,Davis and Callahan,Post-pleistocene dispersal in the mexican vole (microtus mexicanus): an example of an apparent trend in the distribution of southwestern mammals,1992,The Great Basin Naturalist,n/a
213,Yukawa et al,"Distribution range shift of two allied species, nezara viridula and n. antennata (hemiptera: pentatomidae), in japan, possibly due to global warming",2007,Applied Entomology and Zoology,10.1303/aez.2007.205
214,Vittoz et al,"One century of vegetation change on isla persa, a nunatak in the bernina massif in the swiss alps",2008,Journal of Vegetation Science,10.3170/2008-8-18434
217,Stuart-Smith et al,Stability in temperate reef communities over a decadal time scale despite concurrent ocean warming,2009,Global Change Biology,10.1111/j.1365-2486.2009.01955.x
219,Lloyd et al,Ocean warming alters species abundance patterns and increases species diversity in an african sub-tropical reef-fish community,2011,Fisheries Oceanography,10.1111/j.1365-2419.2011.00610.x
221,Engelhard et al,Climate change and fishing: a century of shifting distribution in north sea cod,2013,Global Change Biology,10.1111/gcb.12513
222,Yemane et al,Assessing changes in the distribution and range size of demersal fish populations in the benguela current large marine ecosystem,2014,Reviews In Fish Biology and Fisheries,10.1007/s11160-014-9357-7
227,Pateman et al,Temperature-dependent alterations in host use drive rapid range expansion in a butterfly,2012,Science,10.1126/science.1216980
232,Beare et al,An increase in the abundance of anchovies and sardines in the north-western north sea since 1995,2004,Global Change Biology,10.1111/j.1529-8817.2003.00790.x
233,Bergamini et al,An elevational shift of cryophilous bryophytes in the last century – an effect of climate warming?,2009,Diversity and Distributions,10.1111/j.1472-4642.2009.00595.x
234,Brommer et al,The breeding ranges of central european and arctic bird species move poleward,2012,Plos One,10.1371/journal.pone.0043648
235,Brusca et al,Dramatic response to climate change in the southwest: robert whittaker’s 1963 arizona mountain plant transect revisited,2013,Ecology and Evolution,10.1002/ece3.720
236,Cannone and Pignatti,Ecological responses of plant species and communities to climate warming: upward shift or range filling processes,2014,Climatic Change,10.1007/s10584-014-1065-8
239,Forero-Medina et al,Elevational ranges of birds on a tropical montane gradient lag behind warming temperatures.,2011,Plos One,10.1371/journal.pone.0028535
240,Groom,"Some poleward movement of british native vascular plants is occurring, but the fingerprint of climate change is not evident",2013,PeerJ,10.7717/peerj.77
241,Harris et al,"Using diverse data sources to detect elevational range changes of birds on mount kinabalu, malaysian borneo",2012,The Raffles Bulletin of Zoology,n/a
242,Hockey et al,Interrogating recent range changes in south african birds: confounding signals from land use and climate change present a challenge for attribution,2011,Diversity and Distributions,10.1111/j.1472-4642.2010.00741.x
243,Jump et al,Rapid altitudinal migration of mountain plants in taiwan and its implications for high altitude biodiversity,2011,Ecography,10.1111/j.1600-0587.2011.06984.x
244,Kopp and Cleland,Shifts in plant species elevational range limits and abundances observed over nearly five decades in a western north america mountain range,2013,Journal of Vegetation Science,10.1111/jvs.12072
245,Moreno-Rueda et al,Northward shifts of the distributions of spanish reptiles in association with climate change,2011,Conservation Biology,10.1111/j.1523-1739.2011.01793.x
246,Myers et al,Climate-induced changes in the small mammal communities of the northern great lakes region,2009,Global Change Biology,10.1111/j.1365-2486.2009.01846.x
247,Orensanz et al,Contraction of the geographic range of distribution of snow crab (chionoecetes opilio) in the eastern bering sea: an environmental ratchet?,2004,California Cooperative Oceanic Fisheries Investigations Reports,n/a
248,Popy et al,A weak upward elevational shift in the distributions of breeding birds in the italian alps,2009,Journal of Biogeography,10.1111/j.1365-2699.2009.02197.x
249,Rogers-Bennett,Is climate change contributing to range reductions and localized extinctions in northern (haliotis kamtschatkana) and flat (haliotis walallensis) abalones?,2007,Bulletin of Marine Science,n/a
250,Tougou et al,Some like it hot! Rapid climate change promotes changes in distribution ranges of nezara viridula and nezara antennata in japan,2009,Entomologia Experimentalis Et Applicata,10.1111/j.1570-7458.2008.00818.x
251,Worm and Tittensor,Range contraction in large pelagic predators,2011,PNAS,10.1073/pnas.1102353108
252,Dieker et al,"Two high-mountain burnet moth species (lepidoptera, zygaenidae) react differently to the global change drivers climate and land-use",2011,Biological Conservation,10.1016/j.biocon.2011.07.018
254,Menendez et al,Climate change and elevational range shifts: evidence from dung beetles in two european mountain ranges,2013,Global Ecology and Biogeography,10.1111/geb.12142
255,Rubal et al,Increasing sea surface temperature and range shifts of intertidal gastropods along the iberian peninsula,2013,Journal of Sea Research,10.1016/j.seares.2012.12.003
263,Larrucea and Brussard,Shift in location of pygmy rabbit (brachylagus idahoensis) habitat in response to changing environments.,2008,Journal of Arid Environments,10.1016/j.jaridenv.2008.04.002
264,Simkanin et al,Using historical data to detect temporal changes in the abundances of intertidal species on irish shores,2005,Journal of the Marine Biological Association of the United Kingdom,10.1017/S0025315405012506
265,Carroll et al,Effects of climate change on range expansion by the mountain pine beetle in british columbia,2004,Mountain Pine Beetle Symposium: Challenges and Solutions,n/a
267,Edward et al,Change in the distribution of a member of the strand line community: the seaweed fly (diptera: coelopidae).,2007,Ecological Entemology,10.1111/j.1365-2311.2007.00919.x
268,Harris et al,A major increase in snake pipefish (entelurus aequoreus) in northern european seas since 2003: potential implications for seabird breeding success.,2006,Marine Biology,10.1007/s00227-006-0534-7
271,Taylor and Wilson,"Recent increase and southern expansion of the adelie penguin populations in the ross sea, antarctica, related to climatic warming",1989,New Zealand Journal of Ecology,n/a
274,Peterson,Subtle recent distributional shifts in great plains bird species,2003,The Southwestern Naturalist,10.1894/0038-4909(2003)048<0289:SRDSIG>2.0.CO;2
275,Holzinger et al,"Changes in plant species richness over the last century in the eastern swiss alps: elevational gradient, bedrock effects and migration rates",2008,Plant Ecology,10.1007/s11258-007-9314-9
276,Alofs et al,Ontario freshwater fishes demonstrate differing range-boundary shifts in a warming climate,2013,Diversity and Distributions,10.1111/ddi.12130
277,Auer and King,Ecological and life-history traits explain recent boundary shifts in elevation and latitude of western north american songbirds,2014,Global Ecology and Biogeography,10.1111/geb.12174
278,Betzholtz et al,"With that diet, you will go far: trait-based analysis reveals a link between rapid range expansion and a nitrogen-favoured diet",2013,Proceedings of the Royal Society B - Biological Sciences,10.1098/rspb.2012.2305
281,Jimenez-Alfaro et al,Decline of dry grassland specialists in mediterranean high-mountain communities influenced by recent climate warming,2014,Journal of Vegetation Science,10.1111/jvs.12198
282,Reif and Flousek,The role of species' ecological traits in climatically driven altitudinal range shifts of central european birds,2012,Oikos,10.1111/j.1600-0706.2011.20008.x
283,Wolf et al,Altitudinal shifts of the native and introduced flora of california in the context of 20th-century warming,2016,Global Ecology and Biogeography,10.1111/geb.12423
287,Sabates et al,"Sea warming and fish distribution: the case of the small pelagic fish, sardinella aurita, in the western mediterranean",2006,Global Change Biology,10.1111/j.1365-2486.2006.01246.x
290,Pavon-Jordan et al,Climate-driven changes in winter abundance of a migratory waterbird in relation to eu protected areas,2015,Diversity and Distributions,10.1111/ddi.12300
299,Jaenson et al,Changes in the geographical distribution and abundance of the tick ixodes ricinus during the past 30 years in sweden,2012,Parasites and Vectors,10.1186/1756-3305-5-8
300,Desaunay et al,Changes in the occurrence and abundance of northern/southern flatfishes over a 20-year period in a coastal nursery area (bay of vilaine) and on the eastern continental shelf of the bay of biscay,2006,Scientia Marina,10.3989/scimar.2006.70s1193
301,Mason et al,Geographical range margins of many taxonomic groups continue to shift polewards,2015,Biological Journal of the Linnean Society,10.1111/bij.12574
302,Melles et al,"Expanding northward: influence of climate change, forest connectivity, and population processes on a threatenedspecies’ range shift",2010,Global Change Biology,10.1111/j.1365-2486.2010.02214.x
304,Banuelos et al,Modelling the distribution of ilex aquifolium at the north-eastern edge of its geographical range.,2005,Nordic Journal of Botany,10.1111/j.1756-1051.2003.tb00374.x
306,Svazas et al,Changes in numbers and distribution of wintering waterfowl populations in lithuania in the 20th century,2001,Acta Zoologica Lituanica,10.1080/13921657.2001.10512456
307,Blanchard and Vandermeirsch,Warming and exponential abundance increase of the subtropical fish capros aper in the bay of biscay (1973–2002),2005,Comptes Rendus Biologies,10.1016/j.crvi.2004.12.006
308,Engelhard et al,Nine decades of north sea sole and plaice distribution,2011,Ices Journal of Marine Science,10.1093/icesjms/fsr031
312,D'Andrea et al,"Climate change, anthropogenic disturbance and the northward range expansion of lactuca serriola (asteraceae)",2009,Journal of Biogeography,10.1111/j.1365-2699.2008.02060.x
318,Reif et al,Contrasting effects of climatic and habitat changes on birds with northern range limits in central europe as revealed by an analysis of breeding bird distribution in the czech republic,2010,Acta Ornithologica,10.3161/000164510X516128
319,Berke et al,Range shifts and species diversity in marine ecosystem engineers: patterns and predictions for european sedimentary habitats,2010,Global Ecology and Biogeography,10.1111/j.1466-8238.2009.00509.x
320,Jones et al,Climate change and historical biogeography of the barnacle semibalanus balanoides,2012,Global Ecology and Biogeography,10.1111/j.1466-8238.2011.00721.x
321,Finkbeiner et al,The role of environmental factors in the northeastern range expansion of papilio cresphontes cramer (papilionidae),2011,Journal of the Lepidopterists' Society,10.18473/lepi.v65i2.a4
323,Quero,Changes in the euro-atlantic fish species composition resulting from fishing and ocean warming,1997,Italian Journal of Zoology,10.1080/11250009809386873
324,Conrad et al,Long-term decline in abundance and distribution of the garden tiger moth (arctia caja) in great britain,2002,Biological Conservation,10.1016/S0006-3207(01)00258-0
326,Bahn and Korner,Recent increases in summit flora caused by warming in the alps,2002,"In Book: ""Alpine Biodiversity In Europe"", Pp 437-441",10.1007/978-3-642-18967-8_27
327,Southward and Crisp,Recent changes in the distribution of the intertidal barnacles chthamalus stellatus poli and balanus balanoides in the british isles,1954,Journal of Animal Ecology,n/a
334,Southward,Forty years of changes in species composition and population density of barnacles on a rocky shore near plymouth,1991,Journal of the Marine Biological Association of the United Kingdom,10.1017/S002531540005311X
336,Connolly and Roughgarden,"A range extension for the volcano barnacle, tetraclita rubescens",1998,California Fish and Game,n/a
340,Mieszkowska et al,Long-term changes in the geographic distribution and population structures of osilinus lineatus (gastropoda: trochidae) in britain and ireland,2007,Journal of the Marine Biological Association of the United Kingdom,10.1017/S0025315407053799
342,Drees et al,"Poleward range expansion without a southern contraction in the ground beetle agonum viridicupreum (coleoptera, carabidae)",2011,Zookeys,10.3897/zookeys.100.1535
344,Scott and Kirkpatrick,"Changes in subantarctic heard island vegetation at sites occupied by poa annua, 1987–2000",2005,"Arctic, Antarctic, and Alpine Research",10.1657/1523-0430(2005)037[0366:CISHIV]2.0.CO;2
348,Sagarin et al,Climate-related change in an intertidal community over short and long time scales,1999,Ecological Monographs,10.1890/0012-9615(1999)069[0465:CRCIAI]2.0.CO;2
349,Bowman et al,Northern range boundary dynamics of southern flying squirrels: evidence of an energetic bottleneck,2005,Canadian Journal of Zoology,10.1139/z05-144
352,Ward and Mill,Distribution of the banded demoiselle calopteryx splendens (harris) in northern england: an example of range expansion?,2003,Journal of the British Dragonfly Society,n/a
354,Carrillo et al,Northward expansion of a desert bird: effects of climate change?,2007,Ibis,n/a
355,Angelo and Daehler,Upward expansion of fire-adapted grasses along a warming tropical elevation gradient,2013,Ecography,10.1111/j.1600-0587.2012.07754.x
360,Asher et al,British butterfly distributions and the 2010 target,2011,Journal of Insect Conservation,10.1007/s10841-010-9346-7
361,Mair et al,Temporal variation in responses of species to four decades of climate warming,2012,Global Change Biology,10.1111/j.1365-2486.2012.02730.x
362,Grewe et al,Recent range shifts of european dragonflies provide support for an inverse relationship between habitat predictability and dispersal,2013,Global Ecology and Biogeography,10.1111/geb.12004
363,Fox et al,Moths count: recording moths for conservation in the uk,2011,Journal of Insect Conservation,10.1007/s10841-010-9309-z
364,Bassler et al,Insects overshoot the expected upslope shift caused by climate warming,2014,Plos One,10.1371/journal.pone.0065842
365,Kwon et al,Northward range shifts in korean butterflies,2014,Climatic Change,10.1007/s10584-014-1212-2
366,Fei et al,Divergence of species responses to climate change,2017,Science Advances,10.1126/sciadv.1603055
367,Kurihara et al,Area-specific temporal changes of species composition and species-specific range shifts in rocky-shore mollusks associated with warming kuroshio current,2011,Marine Biology,10.1007/s00227-011-1717-4
368,Virkkala et al,Matching trends between recent distributional changes of northern-boreal birds and species-climate model predictions,2014,Biological Conservation,10.1016/j.biocon.2014.01.041
369,Baur and Baur,Snails keep the pace: shift in upper elevation limit on mountain slopes as a response to climate warming,2013,Canadian Journal of Zoology,10.1139/cjz-2013-0036
370,Paprocki et al,Regional distribution shifts help explain local changes in wintering raptor abundance: implications for interpreting population trends,2014,Plos One,10.1371/journal.pone.0086814
371,Hsieh et al,Spatial analysis shows that fishing enhances the climatic sensitivity of marine fishes,2008,Canadian Journal of Fisheries and Aquatic Sciences,10.1139/F08-017
372,Beever et al,Contemporary climate change alters the pace and drivers of extinction,2011,Global Change Biology,10.1111/j.1365-2486.2010.02389.x
373,Nicolas et al,Impact of global warming on european tidal estuaries: some evidence of northward migration of estuarine fish species,2011,Regional Environmental Change,10.1007/s10113-010-0196-3
374,Sheldon,Possible climate-induced shift of stoneflies in a southern appalachian catchment,2012,Freshwater Science,10.1899/11-135.1
377,Delava et al,The rapid northward shift of the range margin of a mediterranean parasitoid insect (hymenoptera) associated with regional climate warming,2014,Journal of Biogeography,10.1111/jbi.12314
378,Dobbertin et al,The upward shift in altitiude of pine mistletoe (viscum album ssp. austriacum) in switzerland--the result of climate warming?,2005,International Journal of Biometeorology,10.1007/s00484-005-0263-5
379,Kawakami et al,Northward expansion and climatic factors affecting the distribution limits of cheilomenes sexmaculata (coleoptera: coccinellidae) in japan,2014,Applied Entomology and Zoology,10.1007/s13355-013-0224-0
382,Botts et al,Observed range dynamics of south african amphibians under conditions of global change,2015,Austral Ecology,10.1111/aec.12215
383,Mathisen et al,"Fifty years of tree line change in the khibiny mountains, russia: advantages of combined remote sensing and dendroecological approaches",2014,Applied Vegetation Science,10.1111/avsc.12038
384,Hofgaard et al,Latitudinal forest advance in northernmost norway since the early 20th century,2013,Journal of Biogeography,10.1111/jbi.12053
385,Kullman and Oberg,Post-little ice age tree line rise and climate warming in the swedish scandes: a landscape ecological perspective,2009,Journal of Ecology,10.1111/j.1365-2745.2009.01488.x
386,Peron et al,Interdecadal changes in at-sea distribution and abundance of subantarctic seabirds along a latitudinal gradient in the southern indian ocean,2010,Global Change Biology,10.1111/j.1365-2486.2010.02169.x
391,Wu,Can changes in the distribution of lizard species over the past 50 years be attributed to climate change?,2016,Theoretical and Applied Climatology,10.1007/s00704-015-1553-4
392,Moskwik,Recent elevational range expansions in plethodontid salamanders (amphibia: plethodontidae) in the southern appalachian mountains,2014,Journal of Biogeography,10.1111/jbi.12352
396,Rumpf et al,Range dynamics of mountain plants decrease with elevation,2018,PNAS,10.1073/pnas.1713936115
397,Tayleur et al,Swedish birds are tracking temperature but not rainfall: evidence from a decade of abundance changes,2015,Global Ecology and Biogeography,10.1111/geb.12308
398,Wu,Detecting and attributing the effects of climate change on the distributions of snake species over the past 50 years,2016,Environmental Management,10.1007/s00267-015-0600-3
399,Rappole et al,Range change among new world tropical and subtropical birds,2011,Bonner Zoologische Monographien,n/a
400,Stafford et al,A visual method to identify significant latitudinal changes in species' distributions,2013,Ecological Informatics,10.1016/j.ecoinf.2013.03.003
401,Valimaki et al,Velocity of density shifts in finnish landbird species depends on their migration ecology and body mass,2016,Oecologia,10.1007/s00442-015-3525-x
402,Wu and Shi,Attribution index for changes in migratory bird distributions: the role of climate change over the past 50 years in china,2016,Ecological Informatics,10.1016/j.ecoinf.2015.11.013
404,Kuhn et al,Early signs of range disjunction of submountainous plant species: an unexplored consequence of future and contemporary climate changes,2016,Global Change Biology,10.1111/gcb.13243
405,Pernollet et al,Regional changes in the elevational distribution of the alpine rock ptarmigan lagopus muta helvetica in switzerland,2015,Ibis,10.1111/ibi.12298
406,Pyke et al,Effects of climate change on phenologies and distributions of bumble bees and the plants they visit,2016,Ecosphere,10.1002/ecs2.1267
407,Kuletz et al,Changes in the distribution and abundance of albatrosses in the eastern bering sea: 1975-2010,2014,Deep Sea Research Part II: Topical Studies in Oceanography,10.1016/j.dsr2.2014.05.006
408,Wells et al,"Range collapse in the diana fritillary, speyeria diana (nymphalidae)",2014,Insect Conservation and Diversity,10.1111/icad.12059
410,Landa et al,"Recruitment, distribution boundary and habitat temperature of an arcto-boreal gadoid in a climatically changing environment: a case study on northeast arctic haddock (melanogrammus aeglefinus)",2014,Fisheries Oceanography,10.1111/fog.12085
411,Merrill et al,Combined effects of climate and biotic interaction on the elevational range of a phytophagous insect,2008,Journal of Animal Ecology,10.1111/j.1365-2656.2007.01303.x
413,Monahan and Hijmans,Ecophysiological constraints shape autumn migratory response to climate change in the north american field sparrow,2008,Biology Letters,10.1098/rsbl.2008.0154
414,Massimino et al,The geographical range of british birds expands during 15 years of warming,2015,Bird Study,10.1080/00063657.2015.1089835
415,Riley et al,Range expansion of aratus pisonii (mangrove tree crab) into novel vegetative habitats,2014,Southeastern Naturalist,10.1656/058.013.0405
418,Hsieh et al,Climate-driven changes in abundance and distribution of larvae of oceanic fishes in the southern california region,2009,Global Change Biology,10.1111/j.1365-2486.2009.01875.x
420,Kerby et al,Wondering about wandering whiting: distribution of north sea whiting between the 1920s and 2000s,2013,Fisheries Research,10.1016/j.fishres.2013.02.012
421,Dou et al,Climate change impacts population dynamics and distribution shift of moose (alces alces) in heilongjiang province of china,2013,Ecological Research,10.1007/s11284-013-1054-9
423,Gutierrez et al,Functional traits help to explain half-century long shifts in pollinator distributions,2016,Scientific Reports,10.1038/srep24451
424,Ambrosini et al,Climate change and the long-term northward shift in the african wintering range of the barn swallow hirundo rustica,2011,Climate Research,10.3354/cr01025
425,Perissinotto et al,Southward expansion in beetle and butterfly ranges in south africa,2011,African Entomology,n/a
431,Overholtz et al,Impacts of interannual environmental forcing and climate change on the distribution of atlantic mackeral on the u.s. northeast continental shelf,2011,Marine and Coastal Fisheries,10.1080/19425120.2011.578485
432,Moret et al,Climate warming effects in the tropical andes: first evidence for upslope shifts of carabidae (coleoptera) in ecuador,2016,Insect Conservation and Diversity,10.1111/icad.12173
433,Martinet et al,Forward to the north: two euro-mediterranean bumblebee species now cross the arctic circle,2015,Annales De La Societe Entomologique De France,n/a
434,Leidenberger et al,Ecology and distribution of the isopod genus idotea in the baltic sea: key species in a changing environment,2012,Journal of Crustacean Biology,10.1163/193724012X626485
436,Weinberg,Bathymetric shift in the distribution of atlantic surfclams: response to warmer ocean temperature,2005,Ices Journal of Marine Science,10.1016/j.icesjms.2005.04.020
437,Juvik et al,"The upper limits of vegetation of mauna loa, hawaii: a 50th anniversary reassessment",2011,Ecology,10.1890/10-0341.1
439,Ash et al,Tracking lags in historical plants species' shifts in relation to regional climate change,2017,Global Change Biology,10.1111/gcb.13429
440,Agnihotri et al,Climate change-driven shifts in elevation and ecophysiological traits of himalayan plants during the past century,2017,Current Science,n/a
441,Forsman et al,Faster poleward range shifts in moths with more variable colour patterns,2016,Scientific Reports,10.1038/srep36265
442,Molina-Martinez et al,Changes in butterfly distributions and species assemblages on a neotropical mountain range in response to global warming and anthropogenic land use,2016,Diversity and Distributions,10.1111/ddi.12473
443,Huang et al,Multidirectional abundance shifts among north american birds and the relative influence of multifaceted climate factors,2017,Global Change Biology,10.1111/gcb.13683
444,Chivers et al,Mismatch between marine plankton range movements and the velocity of climate change,2017,Nature Communications,10.1038/ncomms14434
445,Buntgen et al,Elevational range shifts in four mountain ungulate species from the swiss alps,2017,Ecosphere,10.1002/ecs2.1761
446,Sittaro et al,Tree range expansion in eastern north america fails to keep pace with climate warming at northern range limits,2017,Global Change Biology,10.1111/gcb.13622
447,Wen et al,Heterogenous distributional responses to climate warming: evidence from rodents along a subtropical elevational gradient,2017,Bmc Ecology,10.1186/s12898-017-0128-x
448,Biella et al,Distribution patterns of the cold adapted bumblebee bombus alpinus in the alps and hints of an uphill shift (insecta: hymenoptera: apidae),2017,Journal of Insect Conservation,10.1007/s10841-017-9983-1
449,Wright et al,"Upward shift in recruitment of high-elevation tree species in the northern sierra nevada, california",2016,California Fish and Game,n/a
450,DeLuca and King,Montane birds shift downslope despite recent warming in the northern appalachian mountains,2017,Journal of Ornithology,10.1007/s10336-016-1414-7
451,Hernandez et al,Exploring range shifts of contrasting tree species across a bioclimatic transition zone,2017,European Journal of Forest Research,10.1007/s10342-017-1047-2
454,Campos-Cerqueira and Aide,Lowland extirpation of anuran populations on a tropical mountain,2017,PeerJ,10.7717/peerj.4059
455,Campos-Cerqueira et al,Have bird distributions shifted along an elevational gradient on a tropical mountain?,2017,Ecology and Evolution,10.1002/ece3.3520
456,Virkkala and Lehikoinen,Birds on the move in the face of climate change: high species turnover in northern europe,2017,Ecology and Evolution,10.1002/ece3.3328
457,Coals et al,Elevation patterns of plant diversity and recent altitudinal range shifts in sinai's high-mountain flora,2018,Journal of Vegetation Science,10.1111/jvs.12618
458,Kirchman and Keuren,Altitudinal range shifts of birds at the southern periphery of the boreal forest: 40 years of change in the adirondack mountains,2017,The Wilson Journal of Ornithology,10.1676/16-164.1
459,Bhatta et al,Downhill shift of alpine plant assemblages under contemporary climate and land-use changes,2018,Ecosphere,10.1002/ecs2.2084
460,Koide et al,An upward elevation shift of native and non-native vascular plants over 40 years on the island of hawai'i,2017,Journal of Vegetation Science,10.1111/jvs.12549
461,Czortek et al,"Climate change, tourism nd historical grazing influence the distribution of carex lachenalii schkuhr-- a rare arctic-alpine species in the tatra mountains",2018,Science of the Total Environment,10.1016/j.scitotenv.2017.10.001
463,Ottosen et al,Distribution and timing of spawning faroe plateau cod in relation to warming spring temperatures,2018,Fisheries Research,10.1016/j.fishres.2017.10.022
464,Hale et al,Subtidal benthic invertebrates shifting northward along the us atlantic coast,2017,Estuaries and Coasts,10.1007/s12237-017-0236-z
466,Zhang et al,Geographic chacteristics of sable (martes zibellina) distribution over time in northeast china,2017,Ecology and Evolution,10.1002/ece3.2983
467,Urli et al,Inferring shifts in tree species distribution using asymmetric distribution curves: a case study in the iberian mountains,2014,Journal of Vegetation Science,10.1111/jvs.12079
468,Hernandez et al,Assessing changes in species distribution from sequential large scale forest inventories,2014,Annals of Forest Science,10.1007/s13595-013-0308-6
469,Virtanen et al,"Recent vegetation changes at the high-latitude tree line ecotone are controlled by geomorphological disturbance, productivity and diversity",2010,Global Ecology and Biogeography,10.1111/j.1466-8238.2010.00570.x
471,Platts et al,Habitat availability explains variation in climate-driven range shifts across multiple taxonomic groups,2019,Scientific Reports,n/a
473,Marion and Bergerot,Northern range shift may be due to increased competition induced by protection of species rather than to climate change alone,2018,Ecology and Evolution,10.1002/ece3.4348
474,Walther et al,Palms tracking climate change,2007,Global Ecology and Biogeography,10.1111/j.1466-8238.2007.00328.x
475,Lindholm et al,Climate-driven range retraction of an arctic freshwater crustacean,2012,Freshwater Biology,10.1111/fwb.12030
476,Wu,Detection and attribution of the effects of climate change on bat distributions over the last 50 years,2016,Climatic Change,10.1007/s10584-015-1543-7
477,Sun et al,"The common koel eudynamys scolopaceus in northern china, new distributional information, and a brief review of range extensions of cuckoos in china",2018,Ornithological Science,10.2326/osj.17.217
486,Freeman et al,Climate change causes upslope shifts and mountaintop extirpations in a tropical bird community,2018,PNAS,10.1073/pnas.1804224115
488,Enriquez-Urzelai et al,Are amphibians tracking their climatic niches in response to climate warming? A test with iberian amphibians,2019,Climatic Change,10.1007/s10584-019-02422-9
489,Birkett et al,Linking species thermal tolerance to elevational range shifts in upland dung beetles,2018,Ecography,10.1111/ecog.03458
493,Kristin et al,Did the northern range of distribution of two tropical orthopterans (insecta) change recently?,2007,Polish Journal of Ecology,10.1111/ecog.03458
496,Wu,Detecting and attributing the effect of climate change on the changes in the distribution of qinghai-tibet plateau large mammal species over the past 50 years,2015,Mammal Research,10.1007/s13364-015-0235-z
500,McClure et al,Climate change and the decline of a once common bird,2012,Ecology and Evolution,10.1002/ece3.95
504,Roberts et al,Latitudinal range shifts in australian flying-foxes: a re-evaluation,2011,Austral Ecology,10.1111/j.1442-9993.2011.02243.x
506,Diefenbach et al,Evidence for range contraction of snowshoe hare in pennsylvania,2016,Northeastern Naturalist,10.1656/045.023.0205
507,Choi et al,Significant decrease in local butterfly community during the last 15 years in a calcareous hill of the middle korea,2017,Entomological Research,10.1111/1748-5967.12225
510,Biondi et al,Nitrophilous and ruderal species as indicators of climate change. Case study from the italian adriatic coast,2012,Plant Biosystems,10.1080/11263504.2012.672342
516,Guida et al,Assessing historical and future habitat models for four conservation-priority mojave desert species,2019,Journal of Biogeography,10.1111/jbi.13645
517,Kumschick et al,Rapid spread of the wasp spider argiope bruennichi across europe: a consequence of climate change?,2011,Climatic Change,10.1007/s10584-011-0139-0
523,Merker and Chandler,Identifying global hotspots of avian trailing-edge population diversity,2020,Global Ecology and Conservation,10.1016/j.gecco.2020.e00915
526,Cheng et al,Complex elevational shifts in a tropical lowland moth community following a decade of climate change,2019,Diversity and Distributions,10.1111/ddi.12864
527,Warren and Chick,"Upward ant distribution shift corresponds with minimum, not maximum, temperature tolerance",2013,Global Change Biology,10.1111/gcb.12169
530,Wason et al,Tree growth is more sensitive than species distributions to recent changes in climate and acidic deposition in the northeastern united states,2017,Journal of Applied Ecology,10.1111/1365-2664.12899
536,Latham,"Evidence of raccoon, procyon lotor, range extension in northern alberta",2008,Canadian Field-Naturalist,10.22621/cfn.v122i2.581
539,Catling,"Climate warming as an explanation for the recent northward range extension of two dragonflies, pachydiplax longipennis and perithemis tenera, into the ottawa valley, eastern ontario",2016,Canadian Field-Naturalist,10.22621/cfn.v130i2.1846
545,Savage and Vellend,"Elevational shifts, biotic homogenization and time lags in vegetation change during 40 years of climate warming",2015,Ecography,10.1111/ecog.01131
552,Seabrook et al,Drought-driven change in wildlife distribution and numbers: a case study of koalas in south west queensland,2011,Wildlife Research,10.1071/WR11064
562,van Hal et al,How climate warming impacts the distribution and abundance of two small flatfish species in the north sea,2010,Journal of Sea Research,10.1016/j.seares.2009.10.008
564,Erauskin-Extramiana et al,Are shifts in species distribution triggered by climate change? A swordfish case study,2019,Deep Sea Research Part II: Topical Studies in Oceanography,10.1016/j.dsr2.2019.104666
566,Giersch et al,Climate-induced range contraction of a rare alpine aquatic invertebrate,2015,Freshwater Science,10.1086/679490
578,Tiitsaar et al,Distribution of butterflies (lepidoptera : papilionoidea) in estonia: results of a systematic mapping project reveal long-term trends,2019,Annales Zoologici Fennici,10.5735/086.056.0114
582,Delatorre,Implementing new northernmost records to modelling the distribution of hypsiboas caingua (anura: hylidae) in south america,2014,Brazilian Journal of Biology,10.1590/1519-6984.05113
584,Macgregor et al,Climate-induced phenology shifts linked to range expansions in species with multiple reproductive cycles per year,2019,Nature Communications,10.1038/s41467-019-12479-w
587,He et al,Upward elevation and northwest range shifts for alpine meconopsis species in the himalaya-hengduan mountains region,2019,Ecology and Evolution,10.1002/ece3.5034
597,Currie et al,A novel approach to assess distribution trends from fisheries survey data,2019,Fisheries Research,10.1016/j.fishres.2019.02.004
602,Bell et al,"Disentangling the effects of climate, abundance, and size on the distribution of marine fish: an example based on four stocks from the northeast us shelf",2015,Ices Journal of Marine Science,10.1093/icesjms/fsu217
604,Takano et al,Detecting latitudinal and altitudinal expansion of invasive bamboo phyllostachys edulis and phyllostachys bambusoides (poaceae) in japan to project potential habitats under 1.5 degrees c-4.0 degrees c global warming,2017,Ecology and Evolution,10.1002/ece3.3471
605,Orio et al,Spatial contraction of demersal fish populations in a large marine ecosystem,2019,Journal of Biogeography,10.1111/jbi.13510
609,Borges et al,Biogeography of wood-boring crustaceans (isopoda: limnoriidae) established in european coastal waters,2014,Plos One,10.1371/journal.pone.0109593
613,Gibson-Reinemer et al,Natural and anthropogenic barriers to climate tracking in river fishes along a mountain-plains transition zone,2017,Diversity and Distributions,10.1111/ddi.12576
614,Potts et al,"Ocean warming, a rapid distributional shift, and the hybridization of a coastal fish species",2014,Global Change Biology,10.1111/gcb.12612
619,Becker-Scarpitta et al,Four decades of plant community change along a continental gradient of warming,2019,Global Change Biology,10.1111/gcb.14568
633,Bruge et al,Thermal niche tracking and future distribution of atlantic mackerel spawning in response to ocean warming,2016,Frontiers In Marine Science,10.3389/fmars.2016.00086
634,Hinder et al,Multi-decadal range changes vs. thermal adaptation for north east atlantic oceanic copepods in the face of climate change,2014,Global Change Biology,10.1111/gcb.12387
640,Pinault and Hunter,New highland distribution records of multiple anopheles species in the ecuadorian andes,2011,Malaria Journal,10.1186/1475-2875-10-236
642,Hildrew et al,Persistence in the longitudinal distribution of lotic insects in a changing climate: a tale of two rivers,2017,Science of the Total Environment,10.1016/j.scitotenv.2016.07.212
643,Orlov et al,"New data on the distribution and size composition of the north pacific spiny dogfish squalus suckleyi (girard, 1854)",2012,Scientia Marina,10.3989/scimar.03439.22C
644,McDonald et al,Using multiple-source occurrence data to identify patterns and drivers of decline in arid-dwelling australian marsupials,2015,Ecography,10.1111/ecog.01212
645,Veale et al,"Characteristics of the ichthyofauna of a temperate microtidal estuary with a reverse salinity gradient, including inter-decadal comparisons",2014,Journal of Fish Biology,10.1111/jfb.12467
646,Nooten and Rehan,Historical changes in bumble bee body size and range shift of declining species,2020,Biodiversity and Conservation,10.1007/s10531-019-01893-7
647,Voller et al,The pace of range expansion: a long-term study on the flightless ground beetle carabus hortensis (coleoptera: carabidae),2018,Journal of Insect Conservation,10.1007/s10841-017-0043-7
650,Chust et al,Earlier migration and distribution changes of albacore in the northeast atlantic,2019,Fisheries Oceanography,10.1111/fog.12427
655,Yang et al,Spatio-temporal distribution pattern of calanus sinicus and its relationship with climate variability in the northern yellow sea,2018,Ices Journal of Marine Science,10.1093/icesjms/fsx149
671,van Keeken et al,Changes in the spatial distribution of north sea plaice (pleuronectes platessa) and implications for fisheries management,2007,Journal of Sea Research,10.1016/j.seares.2006.09.002
683,Kobiv,Response of rare alpine plant species to climate change in the ukrainian carpathians,2017,Folia Geobotanica,10.1007/s12224-016-9270-z
689,Barrows et al,Responding to increased aridity: evidence for range shifts in lizards across a 50-year time span in joshua tree national park,2020,Biological Conservation,10.1016/j.biocon.2020.108667
693,Bani et al,Winners and losers: how the elevational range of breeding birds on alps has varied over the past four decades due to climate and habitat changes,2019,Ecology and Evolution,10.1002/ece3.4838
702,Kanamori et al,Climate change shifts the spawning ground northward and extends the spawning period of chub mackerel in the western north pacific,2019,Marine Ecology Progress Series,10.3354/meps13037
708,Hanberry and Hansen,Latitudinal range shifts of tree species in the united states across multi-decadal time scales,2015,Basic and Applied Ecology,10.1016/j.baae.2015.02.002
710,Tombre et al,"Northward range expansion in spring-staging barnacle geese is a response to climate change and population growth, mediated by individual experience",2019,Global Change Biology,10.1111/gcb.14793
711,Abella et al,Persistence and turnover in desert plant communities during a 37-yr period of land use and climate change,2019,Ecological Monographs,10.1002/ecm.1390
725,Wu et al,Reduced body sizes in climate-impacted borneo moth assemblages are primarily explained by range shifts,2019,Nature Communications,10.1038/s41467-019-12655-y
728,Bartlett et al,"An insect invasion of antarctica: the past, present and future distribution of eretmoptera murphyi (diptera, chironomidae) on signy island",2019,Insect Conservation and Diversity,10.1111/icad.12389
747,Carosi et al,Endemic freshwater fish range shifts related to global climate changes: a long-term study provides some observational evidence for the mediterranean area,2019,Water,10.3390/w11112349
751,Boisvert-Marsh et al,Divergent responses to climate change and disturbance drive recruitment patterns underlying latitudinal shifts of tree species,2019,Journal of Ecology,10.1111/1365-2745.13149
754,Bland and Lace,"On madeira, the success of the speckled wood butterfly (pararge aegeria) has coincided with declining populations of the madeiran speckled wood (pararge xiphia): is the colonist to blame?",2020,Journal of Insect Conservation,10.1007/s10841-019-00209-y
757,Espino et al,"Geographical range extension of the spotfin burrfish, chilomycterus reticulatus (l. 1758), in the canary islands: a response to ocean warming?",2019,Diversity-Basel,10.3390/d11120230
774,Ramo et al,Latitudinal-related variation in wintering population trends of greylag geese (anser anser) along the atlantic flyway: a response to climate change?,2015,Plos One,10.1371/journal.pone.0140181
775,Bodin et al,Shifts of forest species along an elevational gradient in southeast france: climate change or stand maturation?,2013,Journal of Vegetation Science,10.1111/j.1654-1103.2012.01456.x
781,Delgado et al,Concurrent changes in spatial distribution of the demersal community in response to climate variations in the southern iberian coastal large marine ecosystem,2018,Marine Ecology Progress Series,10.3354/meps12791
841,Bustamante et al,Cambios en la diversidad en siete comunidades de anuros en los andes de ecuador,2005,Biotropica,10.1111/j.1744-7429.2005.00025.x
842,Quero et al,Les observations de poissons tropicaux et le rechauffement des eaux dans l’atlantique europeen,1998,Oceanologica Acta,10.1016/S0399-1784(98)80021-2
